arquivo,tipo,classificacao,duracao_s,primeira_palavra,ultima_palavra,motivo,erro,energia_borda_ini_db,energia_borda_fim_db
BOLETIM_RADIO_TJRN_06_04_2026_B1_TJRN_FALHA_ELETRONICA_REGISTRO_DOCUMENTO__CABECA.mp3,CABECA,OK,14.65,O,responsável.,,,-56.5,-43.9
BOLETIM_RADIO_TJRN_06_04_2026_B2_TJRN_PROJETO_GMF_REDE_SOCIOEDUCATIVA__CABECA.mp3,CABECA,OK,6.13,O,TJRN.,,,-48.2,-22.1
BOLETIM_RADIO_TJRN_06_04_2026_B3_TJRN_COJUD_PROCESSO_SELETIVO__CABECA.mp3,CABECA,OK,7.54,A,economia.,,,-80.8,-51.1
BOLETIM_RADIO_TJRN_06_04_2026_B4_TJRN_MUNICIPIO_GARANTIR_CONSULTAS__CABECA.mp3,CABECA,OK,7.32,A,imediata.,,,-74.7,-17.8
BOLETIM_RADIO_TJRN_06_04_2026_B5_TJRN_MANTEM_RESPONSABILIZACAO_DANOS_ENCHENTE__CABECA.mp3,CABECA,OK,15.22,A,potendir.,,,-120.0,-120.0
BOLETIM_RADIO_TJRN_06_04_2026_B6_TJRN_NEGA_RECURSO_ACUSADO_TENTATIVA_FEMINICIDIO__CABECA.mp3,CABECA,OK,14.04,TJRN,Macaíba.,,,-61.7,-44.6
BOLETIM_RADIO_TJRN_06_04_2026_B7_TJRN_ACORDOS_EXTRAJUDICIAIS_PROSSEGUIMENTOS__CABECA.mp3,CABECA,OK,16.0,A,demanda.,,,-41.0,-51.9
BOLETIM_RADIO_TJRN_06_04_2026_B8_TJRN_DECISAO_REALIZACAO_PERICIA_GRAFOTECNICA__CABECA.mp3,CABECA,OK,6.36,Decisão,empréstimo.,,,-120.0,-24.0
BOLETIM_RADIO_TJRN_06_04_2026_B10_TJRN_CONDENA_FALSO_ADVOGADO__CABECA.mp3,CABECA,OK,10.68,A,eletrônica.,,,-46.4,-48.4
BOLETIM_RADIO_TJRN_06_04_2026_B9_TJRN_GARANTE_COBERTURA_PARTO_SEM_CARENCIA__CABECA.mp3,CABECA,OK,15.11,A,materiais.,,,-68.7,-58.3
BOLETIM_RADIO_TJRN_07_04_2026_B1_TJRN_CLIENTES_RECEBERAM_AGENCIA_TURISMO__CABECA.mp3,CABECA,OK,12.98,Um,clientes.,,,-76.3,-48.7
BOLETIM_RADIO_TJRN_07_04_2026_B2_TJRN_CONSOLIDA_MEDIACAO_CONFLITOS__CABECA.mp3,CABECA,OK,15.79,Em,eficazes.,,,-41.5,-120.0
BOLETIM_RADIO_TJRN_07_04_2026_B3_TJRN_OPERADORA_CONDENADA__CABECA.mp3,CABECA,OK,11.83,Um,autorização.,,,-52.8,-51.9
BOLETIM_RADIO_TJRN_07_04_2026_B4_TJRN_NEGADO_ATO_IMPROBIDADE_SAO_MIGUEL__CABECA.mp3,CABECA,OK,12.21,O,Gostoso.,,,-45.2,-65.2
BOLETIM_RADIO_TJRN_07_04_2026_B5_TJRN_CONDENADO_ROUBO_CARRO__CABECA.mp3,CABECA,OK,10.17,A,majorado.,,,-45.3,-66.2
BOLETIM_RADIO_TJRN_07_04_2026_B6_TJRN_ACUSADO_SEQUESTRO__CABECA.mp3,CABECA,OK,9.92,A,Caicó.,,,-57.2,-120.0
BOLETIM_RADIO_TJRN_07_04_2026_B10_REPARADORA_BARIATRICA_CABECA.mp3,CABECA,OK,8.55,provimento,Panamirim.,,,-40.5,-23.7
BOLETIM_RADIO_TJRN_07_04_2026_B7_FALHA_ELETRONICA_CONCURSO_CABECA.mp3,CABECA,OK,15.48,O,responsável.,,,-62.4,-52.6
BOLETIM_RADIO_TJRN_07_04_2026_B8_MPRN_EX_SECRETARIO_MOSSORO_CONDENADO_CABECA.mp3,CABECA,OK,7.72,Após,cirerário.,,,-52.7,-31.1
BOLETIM_RADIO_TJRN_07_04_2026_B9_INDENIZACAO_FALTA_AGUA_CABECA.mp3,CABECA,OK,10.89,O,morais.,,,-57.1,-46.4
BOLETIM_RADIO_TJRN_08_04_2026_B1_TJRN_SANTA_CRUZ_PROJETOS_SOCIAIS__CABECA.mp3,CABECA,OK,15.19,O,penais.,,,-45.6,-74.7
BOLETIM_RADIO_TJRN_08_04_2026_B2_TJRN_BANCO_CONDENADO_VAZAMENTOS_DADOS__CABECA.mp3,CABECA,OK,12.17,de,diária.,,,-71.2,-37.3
BOLETIM_RADIO_TJRN_08_04_2026_B3_TJRN_ACAO_ALIMENTOS_IDOSO_ALZHEIMER__CABECA.mp3,CABECA,OK,7.73,A,Natal.,,,-120.0,-24.7
BOLETIM_RADIO_TJRN_08_04_2026_B4_TJRN_PLANO_SAUDE_CONDENADO_CIRURGIA_OCULAR__CABECA.mp3,CABECA,CORTADO,2.11,Cobertura,Cobertura,CABEÇA muito curta (2.1s) — provável corte no início da manchete,,-40.2,-32.2
BOLETIM_RADIO_TJRN_08_04_2026_B5_TJRN_SENTENCA_EXIGENCIA_PROCURACAO_DETRAN__CABECA.mp3,CABECA,OK,6.0,Mantida,-RN.,,,-120.0,-30.8
BOLETIM_RADIO_TJRN_08_04_2026_B6_TJRN_VIGILANTE_AUXILIAR_CONDENADOS__CABECA.mp3,CABECA,OK,7.8,Vigilante,trabalhavam.,,,-52.2,-31.0
BOLETIM_RADIO_TJRN_08_04_2026_B7_TJRN_PLATAFORMA_NAO_EFETIVA_RESERVA_HOTEL_CABECA.mp3,CABECA,OK,11.75,O,pontos.,,,-56.2,-120.0
BOLETIM_RADIO_TJRN_08_04_2026_B8_TJRN_FALHA_DEPOSITO_BANCARIO__CABECA.mp3,CABECA,OK,13.29,Um,eletrônico.,,,-40.9,-45.4
BOLETIM_RADIO_TJRN_08_04_2026_B10_TJRN_SEMANA_NACIONAL_SAUDE_CABECA.mp3,CABECA,OK,6.16,O,Saúde.,,,-66.8,-48.0
BOLETIM_RADIO_TJRN_08_04_2026_B9_TJRN_ANULA_CONTRATO_OTICA__CABECA.mp3,CABECA,OK,3.35,O,Cruz.,,,-73.4,-20.7
BOLETIM_RADIO_TJRN_09_04_2026_B1_TJRN_COBRANCA_INDEVIDA_BAGAGEM__CABECA.mp3,CABECA,OK,8.94,Com,morais.,,,-53.2,-120.0
BOLETIM_RADIO_TJRN_09_04_2026_B2_TJRN_MANTEM_CONDENACAO_ACUSADOS_ROUBO_CABECA.mp3,CABECA,OK,6.78,A,Panamirim.,,,-120.0,-40.8
BOLETIM_RADIO_TJRN_09_04_2026_B3_TJRN_TECNICO_PAGAMENTO_SERVICO__CABECA.mp3,CABECA,OK,12.37,O,eletrônica.,,,-50.8,-120.0
BOLETIM_RADIO_TJRN_09_04_2026_B4_TJRN_SUPOSTO_DESVIO_FUNCAO_PM_CABECA.mp3,CABECA,OK,13.12,A,função.,,,-44.6,-24.1
BOLETIM_RADIO_TJRN_09_04_2026_B5_TJRN_MANTIDA_CONDENACAO_EMPRESA_AEREA__CABECA.mp3,CABECA,OK,16.16,A,julgador.,,,-46.1,-42.9
BOLETIM_RADIO_TJRN_09_04_2026_B6_TJRN_CAMARA_SESSAO_EXTRAORDINARIA_HIBRIDA__CABECA.mp3,CABECA,OK,5.68,Primeira,abril.,,,-24.7,-24.2
BOLETIM_RADIO_TJRN_09_04_2026_B10_TRERN_AUTOATENDIMENTO_ELEITORAL_BIOMETRIA__CABECA.mp3,CABECA,OK,6.73,A,abril.,,,-120.0,-32.6
BOLETIM_RADIO_TJRN_09_04_2026_B7_TJRN_SEMANA_NACIONAL_REGISTRO_CIVIL_CABECA.mp3,CABECA,OK,14.59,A,-se!,,,-57.1,-80.8
BOLETIM_RADIO_TJRN_09_04_2026_B8_TRTRN_NOVA_SALA_ESPERA_AUDIENCIA__CABECA.mp3,CABECA,OK,5.64,Guarda,climatizada.,,,-120.0,-33.4
BOLETIM_RADIO_TJRN_09_04_2026_B9_TRERN_CAMPANHA_ARRECADACOES_LIVROS_INFANTIS__CABECA.mp3,CABECA,OK,4.61,Biblioteca,infantis.,,,-120.0,-16.4
BOLETIM_RADIO_TJRN_10_04_2026_B1_TJRN_DECISAO_REALIZACAO_PERICIA_ASSINATURA__CABECA.mp3,CABECA,OK,13.19,A,cartório.,,,-84.3,-26.8
BOLETIM_RADIO_TJRN_10_04_2026_B2_TJRN_SUPERLOTACAO_CARCERARIA_PROGRESSAO_REGIME__CABECA.mp3,CABECA,OK,6.54,Superlotação,prisional.,,,-120.0,-33.4
BOLETIM_RADIO_TJRN_10_04_2026_B3_TJRN_COSERN_CANCELAR_DEBITO_FRAUDE__CABECA.mp3,CABECA,OK,15.26,A,Apodí.,,,-69.5,-21.9
BOLETIM_RADIO_TJRN_10_04_2026_B4_TJRN_CLIENTE_SOFRE_GOLPE_EMPRESTIMO_CONSIGNADO__CABECA.mp3,CABECA,OK,6.72,Clite,consignado.,,,-120.0,-24.2
BOLETIM_RADIO_TJRN_10_04_2026_B5_TJRN_RECONHECE_DIREITO_CORRETOR__CABECA.mp3,CABECA,OK,7.36,Justiça,natal.,,,-120.0,-23.8
BOLETIM_RADIO_TJRN_10_04_2026_B6_TJRN_PLANO_SAUDE_COBRANCA_EXCESSIVA__CABECA.mp3,CABECA,OK,8.95,Qualquer,contrato.,,,-32.2,-39.9
BOLETIM_RADIO_TJRN_10_04_2026_B7_TJRN_TRIPLO_HOMICIDIO_NISIA_FLORESTA_JURI_MANTIDO__CABECA.mp3,CABECA,OK,7.87,Curso,tentada.,,,-53.2,-120.0
BOLETIM_RADIO_TJRN_10_04_2026_B8_TJRN_DUPLA_CONDENADA_ASSALTO__CABECA.mp3,CABECA,OK,8.46,Tal,Natal.,,,-60.8,-120.0
BOLETIM_RADIO_TJRN_10_04_2026_B10_TJRN_DETERMINA_SUSPENSAO_ATO_CANDIDATA_APROVADA_CABECA.mp3,CABECA,OK,10.12,A,laboratório.,,,-63.1,-19.8
BOLETIM_RADIO_TJRN_10_04_2026_B9_TJRN_RECONHECE_DESCUMPRIMENTO_CONTRATUAL__CABECA.mp3,CABECA,OK,4.33,Primeiro,procedente.,,,-51.7,-27.5
BOLETIM_RADIO_TJRN_13_04_2026_B1_TJRN_CONDENA_PLATAFORMA_DIGITAL_FALHA__CABECA.mp3,CABECA,OK,9.3,Uma,Norte.,,,-120.0,-120.0
BOLETIM_RADIO_TJRN_13_04_2026_B2_TJRN_PARNAMIRIM_CONDENADO_ACIDENTE_TRANSPORTE__CABECA.mp3,CABECA,OK,5.8,O,transporte.,,,-120.0,-23.9
BOLETIM_RADIO_TJRN_13_04_2026_B3_TJRN_IPERN_CONDENADO_INDENIZAR_SERVIDORA__CABECA.mp3,CABECA,OK,4.57,e,aposentadoria.,,,-120.0,-25.0
BOLETIM_RADIO_TJRN_13_04_2026_B4_TJRN_ACUSADOS_CRIMES_TRAFICO__CABECA.mp3,CABECA,OK,5.68,Acusados,definidas.,,,-120.0,-33.1
BOLETIM_RADIO_TJRN_13_04_2026_B5_TJRN_PASSAGEIRA_RECEBEU_MALA_DANIFICADA__CABECA.mp3,CABECA,OK,10.84,Uma,internacional.,,,-84.3,-26.5
BOLETIM_RADIO_TJRN_13_04_2026_B6_TJRN_CONVOCA_45_TECNICOS__CABECA.mp3,CABECA,OK,12.72,A,AREI.,,,-120.0,-34.5
BOLETIM_RADIO_TJRN_13_04_2026_B10_SUPLEMENTO_CRIANCA_SELETIVIDADE_CABECA.mp3,CABECA,OK,14.38,O,derivados.,,,-72.2,-120.0
BOLETIM_RADIO_TJRN_13_04_2026_B7_DANOS_MORAIS_MANOBRA_IRREGULAR_CABECA.mp3,CABECA,OK,5.73,Um,.600.,,,-44.2,-34.6
BOLETIM_RADIO_TJRN_13_04_2026_B8_SUSPENSAO_FATURA_ENERGIA_ELETRICA_CABECA.mp3,CABECA,OK,13.82,A,reais.,,,-40.7,-120.0
BOLETIM_RADIO_TJRN_13_04_2026_B9_CONTRATACAO_MEDICO_IRREGULAR_CABECA.mp3,CABECA,OK,2.8,Curso,saúde.,,,-41.2,-18.8
BOLETIM_RADIO_TJRN_14_04_2026_B1_BLOQUEIO_TRATAMENTO_CRIANCA_TEA_CABECA.mp3,CABECA,OK,5.72,Mantido,autista.,,,-120.0,-20.7
BOLETIM_RADIO_TJRN_14_04_2026_B2_ANULACAO_DEBITO_TRIBUTARIO_CABECA.mp3,CABECA,OK,15.24,O,TJRN.,,,-44.6,-47.1
BOLETIM_RADIO_TJRN_14_04_2026_B3_CONDENACAO_PLANO_CIRURGIA_FACIAL_CABECA.mp3,CABECA,OK,13.17,O,morais.,,,-61.7,-120.0
BOLETIM_RADIO_TJRN_14_04_2026_B4_INDENIZACAO_FALTA_HIGIENE_HOSPEDAGEM_CABECA.mp3,CABECA,OK,12.05,O,Recife.,,,-46.6,-120.0
BOLETIM_RADIO_TJRN_14_04_2026_B5_ACAO_EXTINTA_HETEROIDENTIFICACAO_CABECA.mp3,CABECA,OK,12.42,A,xadual.,,,-40.8,-90.3
BOLETIM_RADIO_TJRN_14_04_2026_B6_CONDENACAO_FURTO_CARRO_CABECA.mp3,CABECA,OK,8.9,Oitava,furto.,,,-120.0,-120.0
BOLETIM_RADIO_TJRN_14_04_2026_B7_REGISTRE_SE_CABECA.mp3,CABECA,OK,3.9,O,março.,,,-67.4,-25.8
BOLETIM_RADIO_TJRN_14_04_2026_B8_BLOQUEIO_APLICATIVO_MENSAGENS_CABECA.mp3,CABECA,OK,8.76,Para,trabalho.,,,-57.6,-30.7
BOLETIM_RADIO_TJRN_06_04_2026_B1_TJRN_FALHA_ELETRONICA_REGISTRO_DOCUMENTO__CORPO.mp3,CORPO,OK,47.95,mas,administração,"CORPO sem pontuação final (fraco, isolado — checar manualmente)",,-120.0,-90.3
BOLETIM_RADIO_TJRN_06_04_2026_B2_TJRN_PROJETO_GMF_REDE_SOCIOEDUCATIVA__CORPO.mp3,CORPO,OK,39.93,promoveu,"Oeste,","CORPO sem pontuação final (fraco, isolado — checar manualmente)",,-25.5,-90.3
BOLETIM_RADIO_TJRN_06_04_2026_B3_TJRN_COJUD_PROCESSO_SELETIVO__CORPO.mp3,CORPO,OK,30.48,é,.060.,,,-120.0,-55.3
BOLETIM_RADIO_TJRN_06_04_2026_B4_TJRN_MUNICIPIO_GARANTIR_CONSULTAS__CORPO.mp3,CORPO,OK,38.14,consultas,isonomia.,,,-22.5,-70.3
BOLETIM_RADIO_TJRN_06_04_2026_B5_TJRN_MANTEM_RESPONSABILIZACAO_DANOS_ENCHENTE__CORPO.mp3,CORPO,OK,24.28,Conforme,determinado.,,,-120.0,-120.0
BOLETIM_RADIO_TJRN_06_04_2026_B6_TJRN_NEGA_RECURSO_ACUSADO_TENTATIVA_FEMINICIDIO__CORPO.mp3,CORPO,OK,53.55,O,atingida...,,,-120.0,-27.4
BOLETIM_RADIO_TJRN_06_04_2026_B7_TJRN_ACORDOS_EXTRAJUDICIAIS_PROSSEGUIMENTOS__CORPO.mp3,CORPO,OK,38.42,Deixar,regula,"CORPO sem pontuação final (fraco, isolado — checar manualmente)",,-120.0,-53.4
BOLETIM_RADIO_TJRN_06_04_2026_B8_TJRN_DECISAO_REALIZACAO_PERICIA_GRAFOTECNICA__CORPO.mp3,CORPO,OK,43.11,A,contrato.,,,-55.5,-120.0
BOLETIM_RADIO_TJRN_06_04_2026_B10_TJRN_CONDENA_FALSO_ADVOGADO__CORPO.mp3,CORPO,OK,44.16,De,via...,,,-120.0,-35.9
BOLETIM_RADIO_TJRN_06_04_2026_B9_TJRN_GARANTE_COBERTURA_PARTO_SEM_CARENCIA__CORPO.mp3,CORPO,OK,46.5,A,contratual.,,,-120.0,-120.0
BOLETIM_RADIO_TJRN_07_04_2026_B1_TJRN_CLIENTES_RECEBERAM_AGENCIA_TURISMO__CORPO.mp3,CORPO,OK,55.95,O,viagem.,,,-120.0,-120.0
BOLETIM_RADIO_TJRN_07_04_2026_B2_TJRN_CONSOLIDA_MEDIACAO_CONFLITOS__CORPO.mp3,CORPO,OK,32.79,Desde,comprimento.,,,-120.0,-120.0
BOLETIM_RADIO_TJRN_07_04_2026_B3_TJRN_OPERADORA_CONDENADA__CORPO.mp3,CORPO,OK,35.28,De,restrição.,,,-120.0,-120.0
BOLETIM_RADIO_TJRN_07_04_2026_B4_TJRN_NEGADO_ATO_IMPROBIDADE_SAO_MIGUEL__CORPO.mp3,CORPO,OK,46.91,Na,dados.,,,-120.0,-120.0
BOLETIM_RADIO_TJRN_07_04_2026_B5_TJRN_CONDENADO_ROUBO_CARRO__CORPO.mp3,CORPO,OK,57.71,de,criminosos.,,,-120.0,-120.0
BOLETIM_RADIO_TJRN_07_04_2026_B6_TJRN_ACUSADO_SEQUESTRO__CORPO.mp3,CORPO,OK,38.91,A,cautelar.,,,-120.0,-120.0
BOLETIM_RADIO_TJRN_07_04_2026_B10_REPARADORA_BARIATRICA_CORPO.mp3,CORPO,OK,51.81,e,probativa.,,,-24.7,-35.4
BOLETIM_RADIO_TJRN_07_04_2026_B7_FALHA_ELETRONICA_CONCURSO_CORPO.mp3,CORPO,OK,27.98,mas,título.,,,-120.0,-55.7
BOLETIM_RADIO_TJRN_07_04_2026_B8_MPRN_EX_SECRETARIO_MOSSORO_CONDENADO_CORPO.mp3,CORPO,OK,65.16,O,difícil.,,,-22.3,-28.7
BOLETIM_RADIO_TJRN_07_04_2026_B9_INDENIZACAO_FALTA_AGUA_CORPO.mp3,CORPO,OK,60.89,após,morais.,,,-120.0,-120.0
BOLETIM_RADIO_TJRN_08_04_2026_B1_TJRN_SANTA_CRUZ_PROJETOS_SOCIAIS__CORPO.mp3,CORPO,OK,47.22,A,institucional.,,,-120.0,-120.0
BOLETIM_RADIO_TJRN_08_04_2026_B2_TJRN_BANCO_CONDENADO_VAZAMENTOS_DADOS__CORPO.mp3,CORPO,OK,45.8,A,golpe...,,,-27.0,-90.3
BOLETIM_RADIO_TJRN_08_04_2026_B3_TJRN_ACAO_ALIMENTOS_IDOSO_ALZHEIMER__CORPO.mp3,CORPO,OK,48.05,que,curador.,,,-22.5,-120.0
BOLETIM_RADIO_TJRN_08_04_2026_B4_TJRN_PLANO_SAUDE_CONDENADO_CIRURGIA_OCULAR__CORPO.mp3,CORPO,OK,72.25,O,NS.,,,-36.4,-70.3
BOLETIM_RADIO_TJRN_08_04_2026_B5_TJRN_SENTENCA_EXIGENCIA_PROCURACAO_DETRAN__CORPO.mp3,CORPO,OK,67.64,O,particular.,,,-22.9,-44.0
BOLETIM_RADIO_TJRN_08_04_2026_B6_TJRN_VIGILANTE_AUXILIAR_CONDENADOS__CORPO.mp3,CORPO,OK,78.02,A,peças.,,,-24.2,-29.1
BOLETIM_RADIO_TJRN_08_04_2026_B7_TJRN_PLATAFORMA_NAO_EFETIVA_RESERVA_HOTEL_CORPO.mp3,CORPO,OK,55.62,A,materiais,"CORPO sem pontuação final (fraco, isolado — checar manualmente)",,-120.0,-120.0
BOLETIM_RADIO_TJRN_08_04_2026_B8_TJRN_FALHA_DEPOSITO_BANCARIO__CORPO.mp3,CORPO,OK,41.85,O,judicial.,,,-120.0,-120.0
BOLETIM_RADIO_TJRN_08_04_2026_B10_TJRN_SEMANA_NACIONAL_SAUDE_CORPO.mp3,CORPO,OK,26.56,e,estaduais.,,,-63.5,-120.0
BOLETIM_RADIO_TJRN_08_04_2026_B9_TJRN_ANULA_CONTRATO_OTICA__CORPO.mp3,CORPO,OK,69.66,Jogou,autora,"CORPO sem pontuação final (fraco, isolado — checar manualmente)",,-22.2,-84.3
BOLETIM_RADIO_TJRN_09_04_2026_B1_TJRN_COBRANCA_INDEVIDA_BAGAGEM__CORPO.mp3,CORPO,OK,49.69,A,serviço,"CORPO sem pontuação final (fraco, isolado — checar manualmente)",,-120.0,-55.0
BOLETIM_RADIO_TJRN_09_04_2026_B2_TJRN_MANTEM_CONDENACAO_ACUSADOS_ROUBO_CORPO.mp3,CORPO,OK,54.88,contra,via...,,,-24.6,-20.9
BOLETIM_RADIO_TJRN_09_04_2026_B3_TJRN_TECNICO_PAGAMENTO_SERVICO__CORPO.mp3,CORPO,OK,48.53,"E,","unidades,","CORPO sem pontuação final (fraco, isolado — checar manualmente)",,-120.0,-120.0
BOLETIM_RADIO_TJRN_09_04_2026_B4_TJRN_SUPOSTO_DESVIO_FUNCAO_PM_CORPO.mp3,CORPO,OK,31.32,entre,estaduais,"CORPO sem pontuação final (fraco, isolado — checar manualmente)",,-23.7,-55.3
BOLETIM_RADIO_TJRN_09_04_2026_B5_TJRN_MANTIDA_CONDENACAO_EMPRESA_AEREA__CORPO.mp3,CORPO,OK,36.56,quando,internacionais.,,,-120.0,-58.1
BOLETIM_RADIO_TJRN_09_04_2026_B6_TJRN_CAMARA_SESSAO_EXTRAORDINARIA_HIBRIDA__CORPO.mp3,CORPO,OK,23.8,Presidente,mesa.,,,-54.5,-120.0
BOLETIM_RADIO_TJRN_09_04_2026_B10_TRERN_AUTOATENDIMENTO_ELEITORAL_BIOMETRIA__CORPO.mp3,CORPO,OK,47.01,O,TRE.,,,-42.9,-84.3
BOLETIM_RADIO_TJRN_09_04_2026_B7_TJRN_SEMANA_NACIONAL_REGISTRO_CIVIL_CORPO.mp3,CORPO,OK,37.59,promovida,expectativa,"CORPO sem pontuação final (fraco, isolado — checar manualmente)",,-120.0,-31.5
BOLETIM_RADIO_TJRN_09_04_2026_B8_TRTRN_NOVA_SALA_ESPERA_AUDIENCIA__CORPO.mp3,CORPO,OK,31.25,A,TRTRN,"CORPO sem pontuação final (fraco, isolado — checar manualmente)",,-27.5,-21.0
BOLETIM_RADIO_TJRN_09_04_2026_B9_TRERN_CAMPANHA_ARRECADACOES_LIVROS_INFANTIS__CORPO.mp3,CORPO,OK,47.65,Neste,capital.,,,-22.4,-120.0
BOLETIM_RADIO_TJRN_10_04_2026_B1_TJRN_DECISAO_REALIZACAO_PERICIA_ASSINATURA__CORPO.mp3,CORPO,OK,48.95,A,imóvel.,,,-26.2,-36.8
BOLETIM_RADIO_TJRN_10_04_2026_B2_TJRN_SUPERLOTACAO_CARCERARIA_PROGRESSAO_REGIME__CORPO.mp3,CORPO,OK,67.26,A,boa...,,,-23.1,-30.7
BOLETIM_RADIO_TJRN_10_04_2026_B3_TJRN_COSERN_CANCELAR_DEBITO_FRAUDE__CORPO.mp3,CORPO,OK,54.59,Ante,.400.,,,-24.9,-76.3
BOLETIM_RADIO_TJRN_10_04_2026_B4_TJRN_CLIENTE_SOFRE_GOLPE_EMPRESTIMO_CONSIGNADO__CORPO.mp3,CORPO,OK,69.9,A,refinanciamento.,,,-22.7,-90.3
BOLETIM_RADIO_TJRN_10_04_2026_B5_TJRN_RECONHECE_DIREITO_CORRETOR__CORPO.mp3,CORPO,OK,54.8,O,de...,,,-57.6,-22.8
BOLETIM_RADIO_TJRN_10_04_2026_B6_TJRN_PLANO_SAUDE_COBRANCA_EXCESSIVA__CORPO.mp3,CORPO,OK,40.91,especialmente,cenário...,,,-27.0,-24.3
BOLETIM_RADIO_TJRN_10_04_2026_B7_TJRN_TRIPLO_HOMICIDIO_NISIA_FLORESTA_JURI_MANTIDO__CORPO.mp3,CORPO,OK,26.35,A,réu.,,,-120.0,-35.0
BOLETIM_RADIO_TJRN_10_04_2026_B8_TJRN_DUPLA_CONDENADA_ASSALTO__CORPO.mp3,CORPO,OK,50.16,De,capital.,,,-120.0,-120.0
BOLETIM_RADIO_TJRN_10_04_2026_B10_TJRN_DETERMINA_SUSPENSAO_ATO_CANDIDATA_APROVADA_CORPO.mp3,CORPO,OK,43.5,no,cargo.,,,-22.1,-120.0
BOLETIM_RADIO_TJRN_10_04_2026_B9_TJRN_RECONHECE_DESCUMPRIMENTO_CONTRATUAL__CORPO.mp3,CORPO,OK,49.44,uma,reparos.,,,-22.6,-120.0
BOLETIM_RADIO_TJRN_13_04_2026_B1_TJRN_CONDENA_PLATAFORMA_DIGITAL_FALHA__CORPO.mp3,CORPO,OK,47.08,Na,principal.,,,-120.0,-80.8
BOLETIM_RADIO_TJRN_13_04_2026_B2_TJRN_PARNAMIRIM_CONDENADO_ACIDENTE_TRANSPORTE__CORPO.mp3,CORPO,OK,47.15,A,FEMO.,,,-56.9,-28.7
BOLETIM_RADIO_TJRN_13_04_2026_B3_TJRN_IPERN_CONDENADO_INDENIZAR_SERVIDORA__CORPO.mp3,CORPO,OK,44.32,Primeiro,aposentadoria...,,,-22.5,-120.0
BOLETIM_RADIO_TJRN_13_04_2026_B4_TJRN_ACUSADOS_CRIMES_TRAFICO__CORPO.mp3,CORPO,OK,69.61,O,competente.,,,-35.1,-120.0
BOLETIM_RADIO_TJRN_13_04_2026_B5_TJRN_PASSAGEIRA_RECEBEU_MALA_DANIFICADA__CORPO.mp3,CORPO,OK,45.24,De,civil.,,,-25.0,-120.0
BOLETIM_RADIO_TJRN_13_04_2026_B6_TJRN_CONVOCA_45_TECNICOS__CORPO.mp3,CORPO,OK,33.2,A,.br,"CORPO sem pontuação final (fraco, isolado — checar manualmente)",,-24.1,-120.0
BOLETIM_RADIO_TJRN_13_04_2026_B10_SUPLEMENTO_CRIANCA_SELETIVIDADE_CORPO.mp3,CORPO,OK,44.99,A,verdadeiro.,,,-120.0,-49.6
BOLETIM_RADIO_TJRN_13_04_2026_B7_DANOS_MORAIS_MANOBRA_IRREGULAR_CORPO.mp3,CORPO,OK,56.37,e,causador.,,,-23.4,-120.0
BOLETIM_RADIO_TJRN_13_04_2026_B8_SUSPENSAO_FATURA_ENERGIA_ELETRICA_CORPO.mp3,CORPO,OK,54.1,A,debitado.,,,-120.0,-120.0
BOLETIM_RADIO_TJRN_13_04_2026_B9_CONTRATACAO_MEDICO_IRREGULAR_CORPO.mp3,CORPO,OK,38.92,pedia,forma.,,,-38.3,-43.9
BOLETIM_RADIO_TJRN_14_04_2026_B1_BLOQUEIO_TRATAMENTO_CRIANCA_TEA_CORPO.mp3,CORPO,OK,60.91,A,eliminar.,,,-22.8,-80.8
BOLETIM_RADIO_TJRN_14_04_2026_B2_ANULACAO_DEBITO_TRIBUTARIO_CORPO.mp3,CORPO,OK,26.89,O,causado.,,,-120.0,-120.0
BOLETIM_RADIO_TJRN_14_04_2026_B3_CONDENACAO_PLANO_CIRURGIA_FACIAL_CORPO.mp3,CORPO,OK,26.09,Caso,assistente,"CORPO sem pontuação final (fraco, isolado — checar manualmente)",,-120.0,-120.0
BOLETIM_RADIO_TJRN_14_04_2026_B4_INDENIZACAO_FALTA_HIGIENE_HOSPEDAGEM_CORPO.mp3,CORPO,OK,40.25,A,responderação.,,,-120.0,-78.3
BOLETIM_RADIO_TJRN_14_04_2026_B5_ACAO_EXTINTA_HETEROIDENTIFICACAO_CORPO.mp3,CORPO,OK,33.8,Na,"juiz,","CORPO sem pontuação final (fraco, isolado — checar manualmente)",,-120.0,-42.9
BOLETIM_RADIO_TJRN_14_04_2026_B6_CONDENACAO_FURTO_CARRO_CORPO.mp3,CORPO,OK,57.35,De,crime.,,,-120.0,-55.8
BOLETIM_RADIO_TJRN_14_04_2026_B7_REGISTRE_SE_CORPO.mp3,CORPO,OK,32.46,A,CGJ.,,,-24.7,-36.0
BOLETIM_RADIO_TJRN_14_04_2026_B8_BLOQUEIO_APLICATIVO_MENSAGENS_CORPO.mp3,CORPO,OK,54.57,O,irregularidade.,,,-23.2,-120.0
