MES,DIA,PROGRAMA,DATA,STATUS,CAMINHO
JAN,1,NJUD_1794,01/01/2026,FINALIZADO,H:\Meu Drive\RADIO TJRN CONTEÚDO\00_PRODUCAO_2026\02_JORNAIS_NJUD\03_AUDIOS_RADIO\01 - 01 - 26\NJUD_1794_01-01-2026.mp3
JAN,2,NJUD_1797,02/01/2026,FINALIZADO,H:\Meu Drive\RADIO TJRN CONTEÚDO\00_PRODUCAO_2026\02_JORNAIS_NJUD\03_AUDIOS_RADIO\01 - 01 - 26\NJUD_1797_02-01-2026.mp3
JAN,5,NJUD_1804,05/01/2026,FINALIZADO,H:\Meu Drive\RADIO TJRN CONTEÚDO\00_PRODUCAO_2026\02_JORNAIS_NJUD\03_AUDIOS_RADIO\01 - 01 - 26\NJUD_1804_05-01-2026.mp3
JAN,6,NJUD_1812,06/01/2026,FINALIZADO,H:\Meu Drive\RADIO TJRN CONTEÚDO\00_PRODUCAO_2026\02_JORNAIS_NJUD\03_AUDIOS_RADIO\01 - 01 - 26\NJUD_1812_06-01-2026.mp3
JAN,7,NJUD_0203,07/01/2026,FINALIZADO,H:\Meu Drive\RADIO TJRN CONTEÚDO\00_PRODUCAO_2026\02_JORNAIS_NJUD\03_AUDIOS_RADIO\01 - JAN - 26\NJUD_0203_07-01-2026.mp3
JAN,7,NJUD_1792,07/01/2026,FINALIZADO,H:\Meu Drive\RADIO TJRN CONTEÚDO\00_PRODUCAO_2026\02_JORNAIS_NJUD\03_AUDIOS_RADIO\01 - 01 - 26\NJUD_1792_07-01-2026.mp3
JAN,7,NJUD_1793,07/01/2026,FINALIZADO,H:\Meu Drive\RADIO TJRN CONTEÚDO\00_PRODUCAO_2026\02_JORNAIS_NJUD\03_AUDIOS_RADIO\01 - 01 - 26\NJUD_1793_07-01-2026.mp3
JAN,8,NJUD_0204,08/01/2026,FINALIZADO,H:\Meu Drive\RADIO TJRN CONTEÚDO\00_PRODUCAO_2026\02_JORNAIS_NJUD\03_AUDIOS_RADIO\01 - JAN - 26\NJUD_0204_08-01-2026.mp3
JAN,8,NJUD_1794,08/01/2026,FINALIZADO,H:\Meu Drive\RADIO TJRN CONTEÚDO\00_PRODUCAO_2026\02_JORNAIS_NJUD\03_AUDIOS_RADIO\01 - 01 - 26\NJUD_1794_08-01-2026.mp3
JAN,8,NJUD_1795,08/01/2026,FINALIZADO,H:\Meu Drive\RADIO TJRN CONTEÚDO\00_PRODUCAO_2026\02_JORNAIS_NJUD\03_AUDIOS_RADIO\01 - 01 - 26\NJUD_1795_08-01-2026.mp3
JAN,8,NJUD_1796,08/01/2026,FINALIZADO,H:\Meu Drive\RADIO TJRN CONTEÚDO\00_PRODUCAO_2026\02_JORNAIS_NJUD\03_AUDIOS_RADIO\01 - 01 - 26\NJUD_1796_08-01-2026.mp3
JAN,9,NJUD_0205,09/01/2026,FINALIZADO,H:\Meu Drive\RADIO TJRN CONTEÚDO\00_PRODUCAO_2026\02_JORNAIS_NJUD\03_AUDIOS_RADIO\01 - JAN - 26\NJUD_0205_09-01-2026.mp3
JAN,9,NJUD_1797,09/01/2026,FINALIZADO,H:\Meu Drive\RADIO TJRN CONTEÚDO\00_PRODUCAO_2026\02_JORNAIS_NJUD\03_AUDIOS_RADIO\01 - 01 - 26\NJUD_1797_09-01-2026.mp3
JAN,9,NJUD_1798,09/01/2026,FINALIZADO,H:\Meu Drive\RADIO TJRN CONTEÚDO\00_PRODUCAO_2026\02_JORNAIS_NJUD\03_AUDIOS_RADIO\01 - 01 - 26\NJUD_1798_09-01-2026.mp3
JAN,9,NJUD_1799,09/01/2026,FINALIZADO,H:\Meu Drive\RADIO TJRN CONTEÚDO\00_PRODUCAO_2026\02_JORNAIS_NJUD\03_AUDIOS_RADIO\01 - 01 - 26\NJUD_1799_09-01-2026.mp3
JAN,12,NJUD_0301,12/01/2026,FINALIZADO,H:\Meu Drive\RADIO TJRN CONTEÚDO\00_PRODUCAO_2026\02_JORNAIS_NJUD\03_AUDIOS_RADIO\01 - JAN - 26\NJUD_0301_12-01-2026.mp3
JAN,12,NJUD_1800,12/01/2026,FINALIZADO,H:\Meu Drive\RADIO TJRN CONTEÚDO\00_PRODUCAO_2026\02_JORNAIS_NJUD\03_AUDIOS_RADIO\01 - 01 - 26\NJUD_1800_12-01-2026.mp3
JAN,12,NJUD_1801,12/01/2026,FINALIZADO,H:\Meu Drive\RADIO TJRN CONTEÚDO\00_PRODUCAO_2026\02_JORNAIS_NJUD\03_AUDIOS_RADIO\01 - 01 - 26\NJUD_1801_12-01-2026.mp3
JAN,13,NJUD_1802,13/01/2026,FINALIZADO,H:\Meu Drive\RADIO TJRN CONTEÚDO\00_PRODUCAO_2026\02_JORNAIS_NJUD\03_AUDIOS_RADIO\01 - 01 - 26\NJUD_1802_13-01-2026.mp3
JAN,13,NJUD_1803,13/01/2026,FINALIZADO,H:\Meu Drive\RADIO TJRN CONTEÚDO\00_PRODUCAO_2026\02_JORNAIS_NJUD\03_AUDIOS_RADIO\01 - 01 - 26\NJUD_1803_13-01-2026.mp3
JAN,14,NJUD_0303,14/01/2026,FINALIZADO,H:\Meu Drive\RADIO TJRN CONTEÚDO\00_PRODUCAO_2026\02_JORNAIS_NJUD\03_AUDIOS_RADIO\01 - JAN - 26\NJUD_0303_14-01-2026.mp3
JAN,14,NJUD_1804,14/01/2026,FINALIZADO,H:\Meu Drive\RADIO TJRN CONTEÚDO\00_PRODUCAO_2026\02_JORNAIS_NJUD\03_AUDIOS_RADIO\01 - 01 - 26\NJUD_1804_14-01-2026.mp3
JAN,14,NJUD_1805,14/01/2026,FINALIZADO,H:\Meu Drive\RADIO TJRN CONTEÚDO\00_PRODUCAO_2026\02_JORNAIS_NJUD\03_AUDIOS_RADIO\01 - 01 - 26\NJUD_1805_14-01-2026.mp3
JAN,14,NJUD_1806,14/01/2026,FINALIZADO,H:\Meu Drive\RADIO TJRN CONTEÚDO\00_PRODUCAO_2026\02_JORNAIS_NJUD\03_AUDIOS_RADIO\01 - 01 - 26\NJUD_1806_14-01-2026.mp3
JAN,15,NJUD_0304,15/01/2026,FINALIZADO,H:\Meu Drive\RADIO TJRN CONTEÚDO\00_PRODUCAO_2026\02_JORNAIS_NJUD\03_AUDIOS_RADIO\01 - JAN - 26\NJUD_0304_15-01-2026.mp3
JAN,15,NJUD_1807,15/01/2026,FINALIZADO,H:\Meu Drive\RADIO TJRN CONTEÚDO\00_PRODUCAO_2026\02_JORNAIS_NJUD\03_AUDIOS_RADIO\01 - 01 - 26\NJUD_1807_15-01-2026.mp3
JAN,15,NJUD_1808,15/01/2026,FINALIZADO,H:\Meu Drive\RADIO TJRN CONTEÚDO\00_PRODUCAO_2026\02_JORNAIS_NJUD\03_AUDIOS_RADIO\01 - 01 - 26\NJUD_1808_15-01-2026.mp3
JAN,16,NJUD_0305,16/01/2026,FINALIZADO,H:\Meu Drive\RADIO TJRN CONTEÚDO\00_PRODUCAO_2026\02_JORNAIS_NJUD\03_AUDIOS_RADIO\01 - JAN - 26\NJUD_0305_16-01-2026.mp3
JAN,16,NJUD_1809,16/01/2026,FINALIZADO,H:\Meu Drive\RADIO TJRN CONTEÚDO\00_PRODUCAO_2026\02_JORNAIS_NJUD\03_AUDIOS_RADIO\01 - 01 - 26\NJUD_1809_16-01-2026.mp3
JAN,19,NJUD_0401,19/01/2026,FINALIZADO,H:\Meu Drive\RADIO TJRN CONTEÚDO\00_PRODUCAO_2026\02_JORNAIS_NJUD\03_AUDIOS_RADIO\01 - JAN - 26\NJUD_0401_19-01-2026.mp3
JAN,19,NJUD_1792,19/01/2026,FINALIZADO,H:\Meu Drive\RADIO TJRN CONTEÚDO\00_PRODUCAO_2026\02_JORNAIS_NJUD\03_AUDIOS_RADIO\01 - 01 - 26\NJUD_1792_19-01-2026.mp3
JAN,20,NJUD_0402,20/01/2026,FINALIZADO,H:\Meu Drive\RADIO TJRN CONTEÚDO\00_PRODUCAO_2026\02_JORNAIS_NJUD\03_AUDIOS_RADIO\01 - JAN - 26\NJUD_0402_20-01-2026.mp3
JAN,20,NJUD_1795,20/01/2026,FINALIZADO,H:\Meu Drive\RADIO TJRN CONTEÚDO\00_PRODUCAO_2026\02_JORNAIS_NJUD\03_AUDIOS_RADIO\01 - 01 - 26\NJUD_1795_20-01-2026.mp3
JAN,21,NJUD_0403,21/01/2026,FINALIZADO,H:\Meu Drive\RADIO TJRN CONTEÚDO\00_PRODUCAO_2026\02_JORNAIS_NJUD\03_AUDIOS_RADIO\01 - JAN - 26\NJUD_0403_21-01-2026.mp3
JAN,21,NJUD_1798,21/01/2026,FINALIZADO,H:\Meu Drive\RADIO TJRN CONTEÚDO\00_PRODUCAO_2026\02_JORNAIS_NJUD\03_AUDIOS_RADIO\01 - 01 - 26\NJUD_1798_21-01-2026.mp3
JAN,22,NJUD_0404,22/01/2026,FINALIZADO,H:\Meu Drive\RADIO TJRN CONTEÚDO\00_PRODUCAO_2026\02_JORNAIS_NJUD\03_AUDIOS_RADIO\01 - JAN - 26\NJUD_0404_22-01-2026.mp3
JAN,22,NJUD_1800,22/01/2026,FINALIZADO,H:\Meu Drive\RADIO TJRN CONTEÚDO\00_PRODUCAO_2026\02_JORNAIS_NJUD\03_AUDIOS_RADIO\01 - 01 - 26\NJUD_1800_22-01-2026.mp3
JAN,23,NJUD_1802,23/01/2026,FINALIZADO,H:\Meu Drive\RADIO TJRN CONTEÚDO\00_PRODUCAO_2026\02_JORNAIS_NJUD\03_AUDIOS_RADIO\01 - 01 - 26\NJUD_1802_23-01-2026.mp3
JAN,26,NJUD_0501,26/01/2026,FINALIZADO,H:\Meu Drive\RADIO TJRN CONTEÚDO\00_PRODUCAO_2026\02_JORNAIS_NJUD\03_AUDIOS_RADIO\01 - JAN - 26\NJUD_0501_26-01-2026.mp3
JAN,26,NJUD_1805,26/01/2026,FINALIZADO,H:\Meu Drive\RADIO TJRN CONTEÚDO\00_PRODUCAO_2026\02_JORNAIS_NJUD\03_AUDIOS_RADIO\01 - 01 - 26\NJUD_1805_26-01-2026.mp3
JAN,27,NJUD_0502,27/01/2026,FINALIZADO,H:\Meu Drive\RADIO TJRN CONTEÚDO\00_PRODUCAO_2026\02_JORNAIS_NJUD\03_AUDIOS_RADIO\01 - JAN - 26\NJUD_0502_27-01-2026.mp3
JAN,27,NJUD_1807,27/01/2026,FINALIZADO,H:\Meu Drive\RADIO TJRN CONTEÚDO\00_PRODUCAO_2026\02_JORNAIS_NJUD\03_AUDIOS_RADIO\01 - 01 - 26\NJUD_1807_27-01-2026.mp3
JAN,28,NJUD_0503,28/01/2026,FINALIZADO,H:\Meu Drive\RADIO TJRN CONTEÚDO\00_PRODUCAO_2026\02_JORNAIS_NJUD\03_AUDIOS_RADIO\01 - JAN - 26\NJUD_0503_28-01-2026.mp3
JAN,28,NJUD_1822,28/01/2026,FINALIZADO,H:\Meu Drive\RADIO TJRN CONTEÚDO\00_PRODUCAO_2026\02_JORNAIS_NJUD\03_AUDIOS_RADIO\01 - 01 - 26\NJUD_1822_28-01-2026.mp3
JAN,29,NJUD_0504,29/01/2026,FINALIZADO,H:\Meu Drive\RADIO TJRN CONTEÚDO\00_PRODUCAO_2026\02_JORNAIS_NJUD\03_AUDIOS_RADIO\01 - JAN - 26\NJUD_0504_29-01-2026.mp3
JAN,29,NJUD_1829,29/01/2026,FINALIZADO,H:\Meu Drive\RADIO TJRN CONTEÚDO\00_PRODUCAO_2026\02_JORNAIS_NJUD\03_AUDIOS_RADIO\01 - 01 - 26\NJUD_1829_29-01-2026.mp3
JAN,30,NJUD_1836,30/01/2026,FINALIZADO,H:\Meu Drive\RADIO TJRN CONTEÚDO\00_PRODUCAO_2026\02_JORNAIS_NJUD\03_AUDIOS_RADIO\01 - 01 - 26\NJUD_1836_30-01-2026.mp3
FEV,2,NJUD_0601,02/02/2026,FINALIZADO,H:\Meu Drive\RADIO TJRN CONTEÚDO\00_PRODUCAO_2026\02_JORNAIS_NJUD\03_AUDIOS_RADIO\02 - FEV - 26\NJUD_0601_02-02-2026.mp3
FEV,2,NJUD_1811,02/02/2026,FINALIZADO,H:\Meu Drive\RADIO TJRN CONTEÚDO\00_PRODUCAO_2026\02_JORNAIS_NJUD\03_AUDIOS_RADIO\02 - 02 - 26\NJUD_1811_02-02-2026.mp3
FEV,3,NJUD_0602,03/02/2026,FINALIZADO,H:\Meu Drive\RADIO TJRN CONTEÚDO\00_PRODUCAO_2026\02_JORNAIS_NJUD\03_AUDIOS_RADIO\02 - FEV - 26\NJUD_0602_03-02-2026.mp3
FEV,3,NJUD_1812,03/02/2026,FINALIZADO,H:\Meu Drive\RADIO TJRN CONTEÚDO\00_PRODUCAO_2026\02_JORNAIS_NJUD\03_AUDIOS_RADIO\02 - 02 - 26\NJUD_1812_03-02-2026.mp3
FEV,3,NJUD_1813,03/02/2026,FINALIZADO,H:\Meu Drive\RADIO TJRN CONTEÚDO\00_PRODUCAO_2026\02_JORNAIS_NJUD\03_AUDIOS_RADIO\02 - 02 - 26\NJUD_1813_03-02-2026.mp3
FEV,3,NJUD_1814,03/02/2026,FINALIZADO,H:\Meu Drive\RADIO TJRN CONTEÚDO\00_PRODUCAO_2026\02_JORNAIS_NJUD\03_AUDIOS_RADIO\02 - 02 - 26\NJUD_1814_03-02-2026.mp3
FEV,4,NJUD_0603,04/02/2026,FINALIZADO,H:\Meu Drive\RADIO TJRN CONTEÚDO\00_PRODUCAO_2026\02_JORNAIS_NJUD\03_AUDIOS_RADIO\02 - FEV - 26\NJUD_0603_04-02-2026.mp3
FEV,4,NJUD_1815,04/02/2026,FINALIZADO,H:\Meu Drive\RADIO TJRN CONTEÚDO\00_PRODUCAO_2026\02_JORNAIS_NJUD\03_AUDIOS_RADIO\02 - 02 - 26\NJUD_1815_04-02-2026.mp3
FEV,4,NJUD_1816,04/02/2026,FINALIZADO,H:\Meu Drive\RADIO TJRN CONTEÚDO\00_PRODUCAO_2026\02_JORNAIS_NJUD\03_AUDIOS_RADIO\02 - 02 - 26\NJUD_1816_04-02-2026.mp3
FEV,5,NJUD_0604,05/02/2026,FINALIZADO,H:\Meu Drive\RADIO TJRN CONTEÚDO\00_PRODUCAO_2026\02_JORNAIS_NJUD\03_AUDIOS_RADIO\02 - FEV - 26\NJUD_0604_05-02-2026.mp3
FEV,5,NJUD_1818,05/02/2026,FINALIZADO,H:\Meu Drive\RADIO TJRN CONTEÚDO\00_PRODUCAO_2026\02_JORNAIS_NJUD\03_AUDIOS_RADIO\02 - 02 - 26\NJUD_1818_05-02-2026.mp3
FEV,5,NJUD_1819,05/02/2026,FINALIZADO,H:\Meu Drive\RADIO TJRN CONTEÚDO\00_PRODUCAO_2026\02_JORNAIS_NJUD\03_AUDIOS_RADIO\02 - 02 - 26\NJUD_1819_05-02-2026.mp3
FEV,6,NJUD_0605,06/02/2026,FINALIZADO,H:\Meu Drive\RADIO TJRN CONTEÚDO\00_PRODUCAO_2026\02_JORNAIS_NJUD\03_AUDIOS_RADIO\02 - FEV - 26\NJUD_0605_06-02-2026.mp3
FEV,6,NJUD_1820,06/02/2026,FINALIZADO,H:\Meu Drive\RADIO TJRN CONTEÚDO\00_PRODUCAO_2026\02_JORNAIS_NJUD\03_AUDIOS_RADIO\02 - 02 - 26\NJUD_1820_06-02-2026.mp3
FEV,6,NJUD_1821,06/02/2026,FINALIZADO,H:\Meu Drive\RADIO TJRN CONTEÚDO\00_PRODUCAO_2026\02_JORNAIS_NJUD\03_AUDIOS_RADIO\02 - 02 - 26\NJUD_1821_06-02-2026.mp3
FEV,9,NJUD_0701,09/02/2026,FINALIZADO,H:\Meu Drive\RADIO TJRN CONTEÚDO\00_PRODUCAO_2026\02_JORNAIS_NJUD\03_AUDIOS_RADIO\02 - FEV - 26\NJUD_0701_09-02-2026.mp3
FEV,9,NJUD_1822,09/02/2026,FINALIZADO,H:\Meu Drive\RADIO TJRN CONTEÚDO\00_PRODUCAO_2026\02_JORNAIS_NJUD\03_AUDIOS_RADIO\02 - 02 - 26\NJUD_1822_09-02-2026.mp3
FEV,9,NJUD_1823,09/02/2026,FINALIZADO,H:\Meu Drive\RADIO TJRN CONTEÚDO\00_PRODUCAO_2026\02_JORNAIS_NJUD\03_AUDIOS_RADIO\02 - 02 - 26\NJUD_1823_09-02-2026.mp3
FEV,9,NJUD_1824,09/02/2026,FINALIZADO,H:\Meu Drive\RADIO TJRN CONTEÚDO\00_PRODUCAO_2026\02_JORNAIS_NJUD\03_AUDIOS_RADIO\02 - 02 - 26\NJUD_1824_09-02-2026.mp3
FEV,10,NJUD_0702,10/02/2026,FINALIZADO,H:\Meu Drive\RADIO TJRN CONTEÚDO\00_PRODUCAO_2026\02_JORNAIS_NJUD\03_AUDIOS_RADIO\02 - FEV - 26\NJUD_0702_10-02-2026.mp3
FEV,10,NJUD_1825,10/02/2026,FINALIZADO,H:\Meu Drive\RADIO TJRN CONTEÚDO\00_PRODUCAO_2026\02_JORNAIS_NJUD\03_AUDIOS_RADIO\02 - 02 - 26\NJUD_1825_10-02-2026.mp3
FEV,10,NJUD_1826,10/02/2026,FINALIZADO,H:\Meu Drive\RADIO TJRN CONTEÚDO\00_PRODUCAO_2026\02_JORNAIS_NJUD\03_AUDIOS_RADIO\02 - 02 - 26\NJUD_1826_10-02-2026.mp3
FEV,11,NJUD_0703,11/02/2026,FINALIZADO,H:\Meu Drive\RADIO TJRN CONTEÚDO\00_PRODUCAO_2026\02_JORNAIS_NJUD\03_AUDIOS_RADIO\02 - FEV - 26\NJUD_0703_11-02-2026.mp3
FEV,11,NJUD_1813,11/02/2026,FINALIZADO,H:\Meu Drive\RADIO TJRN CONTEÚDO\00_PRODUCAO_2026\02_JORNAIS_NJUD\03_AUDIOS_RADIO\02 - 02 - 26\NJUD_1813_11-02-2026.mp3
FEV,12,NJUD_0704,12/02/2026,FINALIZADO,H:\Meu Drive\RADIO TJRN CONTEÚDO\00_PRODUCAO_2026\02_JORNAIS_NJUD\03_AUDIOS_RADIO\02 - FEV - 26\NJUD_0704_12-02-2026.mp3
FEV,12,NJUD_1815,12/02/2026,FINALIZADO,H:\Meu Drive\RADIO TJRN CONTEÚDO\00_PRODUCAO_2026\02_JORNAIS_NJUD\03_AUDIOS_RADIO\02 - 02 - 26\NJUD_1815_12-02-2026.mp3
FEV,13,NJUD_0705,13/02/2026,FINALIZADO,H:\Meu Drive\RADIO TJRN CONTEÚDO\00_PRODUCAO_2026\02_JORNAIS_NJUD\03_AUDIOS_RADIO\02 - FEV - 26\NJUD_0705_13-02-2026.mp3
FEV,13,NJUD_1818,13/02/2026,FINALIZADO,H:\Meu Drive\RADIO TJRN CONTEÚDO\00_PRODUCAO_2026\02_JORNAIS_NJUD\03_AUDIOS_RADIO\02 - 02 - 26\NJUD_1818_13-02-2026.mp3
FEV,16,NJUD_1820,16/02/2026,FINALIZADO,H:\Meu Drive\RADIO TJRN CONTEÚDO\00_PRODUCAO_2026\02_JORNAIS_NJUD\03_AUDIOS_RADIO\02 - 02 - 26\NJUD_1820_16-02-2026.mp3
FEV,17,NJUD_1823,17/02/2026,FINALIZADO,H:\Meu Drive\RADIO TJRN CONTEÚDO\00_PRODUCAO_2026\02_JORNAIS_NJUD\03_AUDIOS_RADIO\02 - 02 - 26\NJUD_1823_17-02-2026.mp3
FEV,18,NJUD_1825,18/02/2026,FINALIZADO,H:\Meu Drive\RADIO TJRN CONTEÚDO\00_PRODUCAO_2026\02_JORNAIS_NJUD\03_AUDIOS_RADIO\02 - 02 - 26\NJUD_1825_18-02-2026.mp3
FEV,19,NJUD_0804,19/02/2026,FINALIZADO,H:\Meu Drive\RADIO TJRN CONTEÚDO\00_PRODUCAO_2026\02_JORNAIS_NJUD\03_AUDIOS_RADIO\02 - FEV - 26\NJUD_0804_19-02-2026.mp3
FEV,19,NJUD_1841,19/02/2026,FINALIZADO,H:\Meu Drive\RADIO TJRN CONTEÚDO\00_PRODUCAO_2026\02_JORNAIS_NJUD\03_AUDIOS_RADIO\02 - 02 - 26\NJUD_1841_19-02-2026.mp3
FEV,20,NJUD_0805,20/02/2026,FINALIZADO,H:\Meu Drive\RADIO TJRN CONTEÚDO\00_PRODUCAO_2026\02_JORNAIS_NJUD\03_AUDIOS_RADIO\02 - FEV - 26\NJUD_0805_20-02-2026.mp3
FEV,20,NJUD_1846,20/02/2026,FINALIZADO,H:\Meu Drive\RADIO TJRN CONTEÚDO\00_PRODUCAO_2026\02_JORNAIS_NJUD\03_AUDIOS_RADIO\02 - 02 - 26\NJUD_1846_20-02-2026.mp3
FEV,23,NJUD_0901,23/02/2026,FINALIZADO,H:\Meu Drive\RADIO TJRN CONTEÚDO\00_PRODUCAO_2026\02_JORNAIS_NJUD\03_AUDIOS_RADIO\02 - FEV - 26\NJUD_0901_23-02-2026.mp3
FEV,23,NJUD_1903,23/02/2026,FINALIZADO,H:\Meu Drive\RADIO TJRN CONTEÚDO\00_PRODUCAO_2026\02_JORNAIS_NJUD\03_AUDIOS_RADIO\02 - 02 - 26\NJUD_1903_23-02-2026.mp3
FEV,24,NJUD_0902,24/02/2026,FINALIZADO,H:\Meu Drive\RADIO TJRN CONTEÚDO\00_PRODUCAO_2026\02_JORNAIS_NJUD\03_AUDIOS_RADIO\02 - FEV - 26\NJUD_0902_24-02-2026.mp3
FEV,24,NJUD_1908,24/02/2026,FINALIZADO,H:\Meu Drive\RADIO TJRN CONTEÚDO\00_PRODUCAO_2026\02_JORNAIS_NJUD\03_AUDIOS_RADIO\02 - 02 - 26\NJUD_1908_24-02-2026.mp3
FEV,25,NJUD_1913,25/02/2026,FINALIZADO,H:\Meu Drive\RADIO TJRN CONTEÚDO\00_PRODUCAO_2026\02_JORNAIS_NJUD\03_AUDIOS_RADIO\02 - 02 - 26\NJUD_1913_25-02-2026.mp3
FEV,26,NJUD_0904,26/02/2026,FINALIZADO,H:\Meu Drive\RADIO TJRN CONTEÚDO\00_PRODUCAO_2026\02_JORNAIS_NJUD\03_AUDIOS_RADIO\02 - FEV - 26\NJUD_0904_26-02-2026.mp3
FEV,26,NJUD_1918,26/02/2026,FINALIZADO,H:\Meu Drive\RADIO TJRN CONTEÚDO\00_PRODUCAO_2026\02_JORNAIS_NJUD\03_AUDIOS_RADIO\02 - 02 - 26\NJUD_1918_26-02-2026.mp3
FEV,27,NJUD_0905,27/02/2026,FINALIZADO,H:\Meu Drive\RADIO TJRN CONTEÚDO\00_PRODUCAO_2026\02_JORNAIS_NJUD\03_AUDIOS_RADIO\02 - FEV - 26\NJUD_0905_27-02-2026.mp3
FEV,27,NJUD_1896,27/02/2026,FINALIZADO,H:\Meu Drive\RADIO TJRN CONTEÚDO\00_PRODUCAO_2026\02_JORNAIS_NJUD\03_AUDIOS_RADIO\02 - 02 - 26\NJUD_1896_27-02-2026.mp3
MAR,2,NJUD_1001,02/03/2026,FINALIZADO,H:\Meu Drive\RADIO TJRN CONTEÚDO\00_PRODUCAO_2026\02_JORNAIS_NJUD\03_AUDIOS_RADIO\03 - MAR - 26\NJUD_1001_02-03-2026.mp3
MAR,2,NJUD_1827,02/03/2026,FINALIZADO,H:\Meu Drive\RADIO TJRN CONTEÚDO\00_PRODUCAO_2026\02_JORNAIS_NJUD\03_AUDIOS_RADIO\03 - 03 - 26\NJUD_1827_02-03-2026.mp3
MAR,2,NJUD_1828,02/03/2026,FINALIZADO,H:\Meu Drive\RADIO TJRN CONTEÚDO\00_PRODUCAO_2026\02_JORNAIS_NJUD\03_AUDIOS_RADIO\03 - 03 - 26\NJUD_1828_02-03-2026.mp3
MAR,3,NJUD_1002,03/03/2026,FINALIZADO,H:\Meu Drive\RADIO TJRN CONTEÚDO\00_PRODUCAO_2026\02_JORNAIS_NJUD\03_AUDIOS_RADIO\03 - MAR - 26\NJUD_1002_03-03-2026.mp3
MAR,3,NJUD_1829,03/03/2026,FINALIZADO,H:\Meu Drive\RADIO TJRN CONTEÚDO\00_PRODUCAO_2026\02_JORNAIS_NJUD\03_AUDIOS_RADIO\03 - 03 - 26\NJUD_1829_03-03-2026.mp3
MAR,3,NJUD_1830,03/03/2026,FINALIZADO,H:\Meu Drive\RADIO TJRN CONTEÚDO\00_PRODUCAO_2026\02_JORNAIS_NJUD\03_AUDIOS_RADIO\03 - 03 - 26\NJUD_1830_03-03-2026.mp3
MAR,3,NJUD_1831,03/03/2026,FINALIZADO,H:\Meu Drive\RADIO TJRN CONTEÚDO\00_PRODUCAO_2026\02_JORNAIS_NJUD\03_AUDIOS_RADIO\03 - 03 - 26\NJUD_1831_03-03-2026.mp3
MAR,4,NJUD_1003,04/03/2026,FINALIZADO,H:\Meu Drive\RADIO TJRN CONTEÚDO\00_PRODUCAO_2026\02_JORNAIS_NJUD\03_AUDIOS_RADIO\03 - MAR - 26\NJUD_1003_04-03-2026.mp3
MAR,4,NJUD_1832,04/03/2026,FINALIZADO,H:\Meu Drive\RADIO TJRN CONTEÚDO\00_PRODUCAO_2026\02_JORNAIS_NJUD\03_AUDIOS_RADIO\03 - 03 - 26\NJUD_1832_04-03-2026.mp3
MAR,4,NJUD_1833,04/03/2026,FINALIZADO,H:\Meu Drive\RADIO TJRN CONTEÚDO\00_PRODUCAO_2026\02_JORNAIS_NJUD\03_AUDIOS_RADIO\03 - 03 - 26\NJUD_1833_04-03-2026.mp3
MAR,5,NJUD_1004,05/03/2026,FINALIZADO,H:\Meu Drive\RADIO TJRN CONTEÚDO\00_PRODUCAO_2026\02_JORNAIS_NJUD\03_AUDIOS_RADIO\03 - MAR - 26\NJUD_1004_05-03-2026.mp3
MAR,5,NJUD_1834,05/03/2026,FINALIZADO,H:\Meu Drive\RADIO TJRN CONTEÚDO\00_PRODUCAO_2026\02_JORNAIS_NJUD\03_AUDIOS_RADIO\03 - 03 - 26\NJUD_1834_05-03-2026.mp3
MAR,5,NJUD_1835,05/03/2026,FINALIZADO,H:\Meu Drive\RADIO TJRN CONTEÚDO\00_PRODUCAO_2026\02_JORNAIS_NJUD\03_AUDIOS_RADIO\03 - 03 - 26\NJUD_1835_05-03-2026.mp3
MAR,6,NJUD_1005,06/03/2026,FINALIZADO,H:\Meu Drive\RADIO TJRN CONTEÚDO\00_PRODUCAO_2026\02_JORNAIS_NJUD\03_AUDIOS_RADIO\03 - MAR - 26\NJUD_1005_06-03-2026.mp3
MAR,6,NJUD_1836,06/03/2026,FINALIZADO,H:\Meu Drive\RADIO TJRN CONTEÚDO\00_PRODUCAO_2026\02_JORNAIS_NJUD\03_AUDIOS_RADIO\03 - 03 - 26\NJUD_1836_06-03-2026.mp3
MAR,6,NJUD_1837,06/03/2026,FINALIZADO,H:\Meu Drive\RADIO TJRN CONTEÚDO\00_PRODUCAO_2026\02_JORNAIS_NJUD\03_AUDIOS_RADIO\03 - 03 - 26\NJUD_1837_06-03-2026.mp3
MAR,6,NJUD_1838,06/03/2026,FINALIZADO,H:\Meu Drive\RADIO TJRN CONTEÚDO\00_PRODUCAO_2026\02_JORNAIS_NJUD\03_AUDIOS_RADIO\03 - 03 - 26\NJUD_1838_06-03-2026.mp3
MAR,9,NJUD_1101,09/03/2026,FINALIZADO,H:\Meu Drive\RADIO TJRN CONTEÚDO\00_PRODUCAO_2026\02_JORNAIS_NJUD\03_AUDIOS_RADIO\03 - MAR - 26\NJUD_1101_09-03-2026.mp3
MAR,9,NJUD_1839,09/03/2026,FINALIZADO,H:\Meu Drive\RADIO TJRN CONTEÚDO\00_PRODUCAO_2026\02_JORNAIS_NJUD\03_AUDIOS_RADIO\03 - 03 - 26\NJUD_1839_09-03-2026.mp3
MAR,9,NJUD_1840,09/03/2026,FINALIZADO,H:\Meu Drive\RADIO TJRN CONTEÚDO\00_PRODUCAO_2026\02_JORNAIS_NJUD\03_AUDIOS_RADIO\03 - 03 - 26\NJUD_1840_09-03-2026.mp3
MAR,10,NJUD_1102,10/03/2026,FINALIZADO,H:\Meu Drive\RADIO TJRN CONTEÚDO\00_PRODUCAO_2026\02_JORNAIS_NJUD\03_AUDIOS_RADIO\03 - MAR - 26\NJUD_1102_10-03-2026.mp3
MAR,10,NJUD_1841,10/03/2026,FINALIZADO,H:\Meu Drive\RADIO TJRN CONTEÚDO\00_PRODUCAO_2026\02_JORNAIS_NJUD\03_AUDIOS_RADIO\03 - 03 - 26\NJUD_1841_10-03-2026.mp3
MAR,10,NJUD_1842,10/03/2026,FINALIZADO,H:\Meu Drive\RADIO TJRN CONTEÚDO\00_PRODUCAO_2026\02_JORNAIS_NJUD\03_AUDIOS_RADIO\03 - 03 - 26\NJUD_1842_10-03-2026.mp3
MAR,10,NJUD_1843,10/03/2026,FINALIZADO,H:\Meu Drive\RADIO TJRN CONTEÚDO\00_PRODUCAO_2026\02_JORNAIS_NJUD\03_AUDIOS_RADIO\03 - 03 - 26\NJUD_1843_10-03-2026.mp3
MAR,11,NJUD_1103,11/03/2026,FINALIZADO,H:\Meu Drive\RADIO TJRN CONTEÚDO\00_PRODUCAO_2026\02_JORNAIS_NJUD\03_AUDIOS_RADIO\03 - MAR - 26\NJUD_1103_11-03-2026.mp3
MAR,11,NJUD_1844,11/03/2026,FINALIZADO,H:\Meu Drive\RADIO TJRN CONTEÚDO\00_PRODUCAO_2026\02_JORNAIS_NJUD\03_AUDIOS_RADIO\03 - 03 - 26\NJUD_1844_11-03-2026.mp3
MAR,11,NJUD_1845,11/03/2026,FINALIZADO,H:\Meu Drive\RADIO TJRN CONTEÚDO\00_PRODUCAO_2026\02_JORNAIS_NJUD\03_AUDIOS_RADIO\03 - 03 - 26\NJUD_1845_11-03-2026.mp3
MAR,12,NJUD_1104,12/03/2026,FINALIZADO,H:\Meu Drive\RADIO TJRN CONTEÚDO\00_PRODUCAO_2026\02_JORNAIS_NJUD\03_AUDIOS_RADIO\03 - MAR - 26\NJUD_1104_12-03-2026.mp3
MAR,12,NJUD_1846,12/03/2026,FINALIZADO,H:\Meu Drive\RADIO TJRN CONTEÚDO\00_PRODUCAO_2026\02_JORNAIS_NJUD\03_AUDIOS_RADIO\03 - 03 - 26\NJUD_1846_12-03-2026.mp3
MAR,12,NJUD_1847,12/03/2026,FINALIZADO,H:\Meu Drive\RADIO TJRN CONTEÚDO\00_PRODUCAO_2026\02_JORNAIS_NJUD\03_AUDIOS_RADIO\03 - 03 - 26\NJUD_1847_12-03-2026.mp3
MAR,12,NJUD_1848,12/03/2026,FINALIZADO,H:\Meu Drive\RADIO TJRN CONTEÚDO\00_PRODUCAO_2026\02_JORNAIS_NJUD\03_AUDIOS_RADIO\03 - 03 - 26\NJUD_1848_12-03-2026.mp3
MAR,13,NJUD_1105,13/03/2026,FINALIZADO,H:\Meu Drive\RADIO TJRN CONTEÚDO\00_PRODUCAO_2026\02_JORNAIS_NJUD\03_AUDIOS_RADIO\03 - MAR - 26\NJUD_1105_13-03-2026.mp3
MAR,13,NJUD_1827,13/03/2026,FINALIZADO,H:\Meu Drive\RADIO TJRN CONTEÚDO\00_PRODUCAO_2026\02_JORNAIS_NJUD\03_AUDIOS_RADIO\03 - 03 - 26\NJUD_1827_13-03-2026.mp3
MAR,16,NJUD_1201,16/03/2026,FINALIZADO,H:\Meu Drive\RADIO TJRN CONTEÚDO\00_PRODUCAO_2026\02_JORNAIS_NJUD\03_AUDIOS_RADIO\03 - MAR - 26\NJUD_1201_16-03-2026.mp3
MAR,16,NJUD_1830,16/03/2026,FINALIZADO,H:\Meu Drive\RADIO TJRN CONTEÚDO\00_PRODUCAO_2026\02_JORNAIS_NJUD\03_AUDIOS_RADIO\03 - 03 - 26\NJUD_1830_16-03-2026.mp3
MAR,17,NJUD_1202,17/03/2026,FINALIZADO,H:\Meu Drive\RADIO TJRN CONTEÚDO\00_PRODUCAO_2026\02_JORNAIS_NJUD\03_AUDIOS_RADIO\03 - MAR - 26\NJUD_1202_17-03-2026.mp3
MAR,17,NJUD_1832,17/03/2026,FINALIZADO,H:\Meu Drive\RADIO TJRN CONTEÚDO\00_PRODUCAO_2026\02_JORNAIS_NJUD\03_AUDIOS_RADIO\03 - 03 - 26\NJUD_1832_17-03-2026.mp3
MAR,18,NJUD_1203,18/03/2026,FINALIZADO,H:\Meu Drive\RADIO TJRN CONTEÚDO\00_PRODUCAO_2026\02_JORNAIS_NJUD\03_AUDIOS_RADIO\03 - MAR - 26\NJUD_1203_18-03-2026.mp3
MAR,18,NJUD_1834,18/03/2026,FINALIZADO,H:\Meu Drive\RADIO TJRN CONTEÚDO\00_PRODUCAO_2026\02_JORNAIS_NJUD\03_AUDIOS_RADIO\03 - 03 - 26\NJUD_1834_18-03-2026.mp3
MAR,19,NJUD_1204,19/03/2026,FINALIZADO,H:\Meu Drive\RADIO TJRN CONTEÚDO\00_PRODUCAO_2026\02_JORNAIS_NJUD\03_AUDIOS_RADIO\03 - MAR - 26\NJUD_1204_19-03-2026.mp3
MAR,19,NJUD_1837,19/03/2026,FINALIZADO,H:\Meu Drive\RADIO TJRN CONTEÚDO\00_PRODUCAO_2026\02_JORNAIS_NJUD\03_AUDIOS_RADIO\03 - 03 - 26\NJUD_1837_19-03-2026.mp3
MAR,20,NJUD_1205,20/03/2026,FINALIZADO,H:\Meu Drive\RADIO TJRN CONTEÚDO\00_PRODUCAO_2026\02_JORNAIS_NJUD\03_AUDIOS_RADIO\03 - MAR - 26\NJUD_1205_20-03-2026.mp3
MAR,20,NJUD_1839,20/03/2026,FINALIZADO,H:\Meu Drive\RADIO TJRN CONTEÚDO\00_PRODUCAO_2026\02_JORNAIS_NJUD\03_AUDIOS_RADIO\03 - 03 - 26\NJUD_1839_20-03-2026.mp3
MAR,23,NJUD_1301,23/03/2026,FINALIZADO,H:\Meu Drive\RADIO TJRN CONTEÚDO\00_PRODUCAO_2026\02_JORNAIS_NJUD\03_AUDIOS_RADIO\03 - MAR - 26\NJUD_1301_23-03-2026.mp3
MAR,23,NJUD_1842,23/03/2026,FINALIZADO,H:\Meu Drive\RADIO TJRN CONTEÚDO\00_PRODUCAO_2026\02_JORNAIS_NJUD\03_AUDIOS_RADIO\03 - 03 - 26\NJUD_1842_23-03-2026.mp3
MAR,24,NJUD_1302,24/03/2026,FINALIZADO,H:\Meu Drive\RADIO TJRN CONTEÚDO\00_PRODUCAO_2026\02_JORNAIS_NJUD\03_AUDIOS_RADIO\03 - MAR - 26\NJUD_1302_24-03-2026.mp3
MAR,24,NJUD_1844,24/03/2026,FINALIZADO,H:\Meu Drive\RADIO TJRN CONTEÚDO\00_PRODUCAO_2026\02_JORNAIS_NJUD\03_AUDIOS_RADIO\03 - 03 - 26\NJUD_1844_24-03-2026.mp3
MAR,25,NJUD_1847,25/03/2026,FINALIZADO,H:\Meu Drive\RADIO TJRN CONTEÚDO\00_PRODUCAO_2026\02_JORNAIS_NJUD\03_AUDIOS_RADIO\03 - 03 - 26\NJUD_1847_25-03-2026.mp3
MAR,26,NJUD_1304,26/03/2026,FINALIZADO,H:\Meu Drive\RADIO TJRN CONTEÚDO\00_PRODUCAO_2026\02_JORNAIS_NJUD\03_AUDIOS_RADIO\03 - MAR - 26\NJUD_1304_26-03-2026.mp3
MAR,27,NJUD_1305,27/03/2026,FINALIZADO,H:\Meu Drive\RADIO TJRN CONTEÚDO\00_PRODUCAO_2026\02_JORNAIS_NJUD\03_AUDIOS_RADIO\03 - MAR - 26\NJUD_1305_27-03-2026.mp3
MAR,30,NJUD_1401,30/03/2026,FINALIZADO,H:\Meu Drive\RADIO TJRN CONTEÚDO\00_PRODUCAO_2026\02_JORNAIS_NJUD\03_AUDIOS_RADIO\03 - MAR - 26\NJUD_1401_30-03-2026.mp3
MAR,31,NJUD_1402,31/03/2026,FINALIZADO,H:\Meu Drive\RADIO TJRN CONTEÚDO\00_PRODUCAO_2026\02_JORNAIS_NJUD\03_AUDIOS_RADIO\03 - MAR - 26\NJUD_1402_31-03-2026.mp3
ABR,6,NJUD_1501,06/04/2026,FINALIZADO,H:\Meu Drive\RADIO TJRN CONTEÚDO\00_PRODUCAO_2026\02_JORNAIS_NJUD\03_AUDIOS_RADIO\04 - ABR - 26\NJUD_1501_06-04-2026.mp3
ABR,7,NJUD_1502,07/04/2026,FINALIZADO,H:\Meu Drive\RADIO TJRN CONTEÚDO\00_PRODUCAO_2026\02_JORNAIS_NJUD\03_AUDIOS_RADIO\04 - ABR - 26\NJUD_1502_07-04-2026.mp3
ABR,8,NJUD_1503,08/04/2026,FINALIZADO,H:\Meu Drive\RADIO TJRN CONTEÚDO\00_PRODUCAO_2026\02_JORNAIS_NJUD\03_AUDIOS_RADIO\04 - ABR - 26\NJUD_1503_08-04-2026.mp3
ABR,9,NJUD_1504,09/04/2026,FINALIZADO,H:\Meu Drive\RADIO TJRN CONTEÚDO\00_PRODUCAO_2026\02_JORNAIS_NJUD\03_AUDIOS_RADIO\04 - ABR - 26\NJUD_1504_09-04-2026.mp3
ABR,10,NJUD_1505,10/04/2026,FINALIZADO,H:\Meu Drive\RADIO TJRN CONTEÚDO\00_PRODUCAO_2026\02_JORNAIS_NJUD\03_AUDIOS_RADIO\04 - ABR - 26\NJUD_1505_10-04-2026.mp3
ABR,13,NJUD_1601,13/04/2026,FINALIZADO,H:\Meu Drive\RADIO TJRN CONTEÚDO\00_PRODUCAO_2026\02_JORNAIS_NJUD\03_AUDIOS_RADIO\04 - ABR - 26\NJUD_1601_13-04-2026.mp3
ABR,14,NJUD_1602,14/04/2026,FINALIZADO,H:\Meu Drive\RADIO TJRN CONTEÚDO\00_PRODUCAO_2026\02_JORNAIS_NJUD\03_AUDIOS_RADIO\04 - ABR - 26\NJUD_1602_14-04-2026.mp3
ABR,15,NJUD_1603,15/04/2026,FINALIZADO,H:\Meu Drive\RADIO TJRN CONTEÚDO\00_PRODUCAO_2026\02_JORNAIS_NJUD\03_AUDIOS_RADIO\04 - ABR - 26\NJUD_1603_15-04-2026.mp3
ABR,15,NJUD_1927,15/04/2026,FINALIZADO,H:\Meu Drive\RADIO TJRN CONTEÚDO\00_PRODUCAO_2026\02_JORNAIS_NJUD\03_AUDIOS_RADIO\04 - ABR - 26\NJUD_1927_15-04-2026.mp3
ABR,16,NJUD_1604,16/04/2026,FINALIZADO,H:\Meu Drive\RADIO TJRN CONTEÚDO\00_PRODUCAO_2026\02_JORNAIS_NJUD\03_AUDIOS_RADIO\04 - ABR - 26\NJUD_1604_16-04-2026.mp3
ABR,16,NJUD_1902,16/04/2026,FINALIZADO,H:\Meu Drive\RADIO TJRN CONTEÚDO\00_PRODUCAO_2026\02_JORNAIS_NJUD\03_AUDIOS_RADIO\04 - 04 - 26\NJUD_1902_16-04-2026.mp3
ABR,17,NJUD_1605,17/04/2026,FINALIZADO,H:\Meu Drive\RADIO TJRN CONTEÚDO\00_PRODUCAO_2026\02_JORNAIS_NJUD\03_AUDIOS_RADIO\04 - ABR - 26\NJUD_1605_17-04-2026.mp3
ABR,17,NJUD_1903,17/04/2026,FINALIZADO,H:\Meu Drive\RADIO TJRN CONTEÚDO\00_PRODUCAO_2026\02_JORNAIS_NJUD\03_AUDIOS_RADIO\04 - 04 - 26\NJUD_1903_17-04-2026.mp3
ABR,17,NJUD_1904,17/04/2026,FINALIZADO,H:\Meu Drive\RADIO TJRN CONTEÚDO\00_PRODUCAO_2026\02_JORNAIS_NJUD\03_AUDIOS_RADIO\04 - 04 - 26\NJUD_1904_17-04-2026.mp3
ABR,17,NJUD_1905,17/04/2026,FINALIZADO,H:\Meu Drive\RADIO TJRN CONTEÚDO\00_PRODUCAO_2026\02_JORNAIS_NJUD\03_AUDIOS_RADIO\04 - 04 - 26\NJUD_1905_17-04-2026.mp3
ABR,20,NJUD_1904,20/04/2026,FINALIZADO,H:\Meu Drive\RADIO TJRN CONTEÚDO\00_PRODUCAO_2026\02_JORNAIS_NJUD\03_AUDIOS_RADIO\04 - 04 - 26\NJUD_1904_20-04-2026.mp3
ABR,22,NJUD_1703,22/04/2026,FINALIZADO,H:\Meu Drive\RADIO TJRN CONTEÚDO\00_PRODUCAO_2026\02_JORNAIS_NJUD\03_AUDIOS_RADIO\04 - ABR - 26\NJUD_1703_22-04-2026.mp3
ABR,22,NJUD_1906,22/04/2026,FINALIZADO,H:\Meu Drive\RADIO TJRN CONTEÚDO\00_PRODUCAO_2026\02_JORNAIS_NJUD\03_AUDIOS_RADIO\04 - 04 - 26\NJUD_1906_22-04-2026.mp3
ABR,22,NJUD_1907,22/04/2026,FINALIZADO,H:\Meu Drive\RADIO TJRN CONTEÚDO\00_PRODUCAO_2026\02_JORNAIS_NJUD\03_AUDIOS_RADIO\04 - 04 - 26\NJUD_1907_22-04-2026.mp3
ABR,23,NJUD_1704,23/04/2026,FINALIZADO,H:\Meu Drive\RADIO TJRN CONTEÚDO\00_PRODUCAO_2026\02_JORNAIS_NJUD\03_AUDIOS_RADIO\04 - ABR - 26\NJUD_1704_23-04-2026.mp3
ABR,23,NJUD_1908,23/04/2026,FINALIZADO,H:\Meu Drive\RADIO TJRN CONTEÚDO\00_PRODUCAO_2026\02_JORNAIS_NJUD\03_AUDIOS_RADIO\04 - 04 - 26\NJUD_1908_23-04-2026.mp3
ABR,23,NJUD_1909,23/04/2026,FINALIZADO,H:\Meu Drive\RADIO TJRN CONTEÚDO\00_PRODUCAO_2026\02_JORNAIS_NJUD\03_AUDIOS_RADIO\04 - 04 - 26\NJUD_1909_23-04-2026.mp3
ABR,23,NJUD_1910,23/04/2026,FINALIZADO,H:\Meu Drive\RADIO TJRN CONTEÚDO\00_PRODUCAO_2026\02_JORNAIS_NJUD\03_AUDIOS_RADIO\04 - 04 - 26\NJUD_1910_23-04-2026.mp3
ABR,24,NJUD_1705,24/04/2026,FINALIZADO,H:\Meu Drive\RADIO TJRN CONTEÚDO\00_PRODUCAO_2026\02_JORNAIS_NJUD\03_AUDIOS_RADIO\04 - ABR - 26\NJUD_1705_24-04-2026.mp3
ABR,24,NJUD_1911,24/04/2026,FINALIZADO,H:\Meu Drive\RADIO TJRN CONTEÚDO\00_PRODUCAO_2026\02_JORNAIS_NJUD\03_AUDIOS_RADIO\04 - 04 - 26\NJUD_1911_24-04-2026.mp3
ABR,24,NJUD_1912,24/04/2026,FINALIZADO,H:\Meu Drive\RADIO TJRN CONTEÚDO\00_PRODUCAO_2026\02_JORNAIS_NJUD\03_AUDIOS_RADIO\04 - 04 - 26\NJUD_1912_24-04-2026.mp3
ABR,26,NJUD_1707,26/04/2026,FINALIZADO(FDS),H:\Meu Drive\RADIO TJRN CONTEÚDO\00_PRODUCAO_2026\02_JORNAIS_NJUD\03_AUDIOS_RADIO\04 - ABR - 26\NJUD_1707_26-04-2026.mp3
ABR,26,NJUD_1913,26/04/2026,FINALIZADO(FDS),H:\Meu Drive\RADIO TJRN CONTEÚDO\00_PRODUCAO_2026\02_JORNAIS_NJUD\03_AUDIOS_RADIO\04 - 04 - 26\NJUD_1913_26-04-2026.mp3
ABR,26,NJUD_1914,26/04/2026,FINALIZADO(FDS),H:\Meu Drive\RADIO TJRN CONTEÚDO\00_PRODUCAO_2026\02_JORNAIS_NJUD\03_AUDIOS_RADIO\04 - 04 - 26\NJUD_1914_26-04-2026.mp3
ABR,26,NJUD_1915,26/04/2026,FINALIZADO(FDS),H:\Meu Drive\RADIO TJRN CONTEÚDO\00_PRODUCAO_2026\02_JORNAIS_NJUD\03_AUDIOS_RADIO\04 - 04 - 26\NJUD_1915_26-04-2026.mp3
ABR,27,NJUD_1801,27/04/2026,FINALIZADO,H:\Meu Drive\RADIO TJRN CONTEÚDO\00_PRODUCAO_2026\02_JORNAIS_NJUD\03_AUDIOS_RADIO\04 - ABR - 26\NJUD_1801_27-04-2026.mp3
ABR,27,NJUD_1916,27/04/2026,FINALIZADO,H:\Meu Drive\RADIO TJRN CONTEÚDO\00_PRODUCAO_2026\02_JORNAIS_NJUD\03_AUDIOS_RADIO\04 - 04 - 26\NJUD_1916_27-04-2026.mp3
ABR,27,NJUD_1917,27/04/2026,FINALIZADO,H:\Meu Drive\RADIO TJRN CONTEÚDO\00_PRODUCAO_2026\02_JORNAIS_NJUD\03_AUDIOS_RADIO\04 - 04 - 26\NJUD_1917_27-04-2026.mp3
ABR,28,NJUD_1802,28/04/2026,FINALIZADO,H:\Meu Drive\RADIO TJRN CONTEÚDO\00_PRODUCAO_2026\02_JORNAIS_NJUD\03_AUDIOS_RADIO\04 - ABR - 26\NJUD_1802_28-04-2026.mp3
ABR,28,NJUD_1918,28/04/2026,FINALIZADO,H:\Meu Drive\RADIO TJRN CONTEÚDO\00_PRODUCAO_2026\02_JORNAIS_NJUD\03_AUDIOS_RADIO\04 - 04 - 26\NJUD_1918_28-04-2026.mp3
ABR,28,NJUD_1919,28/04/2026,FINALIZADO,H:\Meu Drive\RADIO TJRN CONTEÚDO\00_PRODUCAO_2026\02_JORNAIS_NJUD\03_AUDIOS_RADIO\04 - 04 - 26\NJUD_1919_28-04-2026.mp3
ABR,28,NJUD_1920,28/04/2026,FINALIZADO,H:\Meu Drive\RADIO TJRN CONTEÚDO\00_PRODUCAO_2026\02_JORNAIS_NJUD\03_AUDIOS_RADIO\04 - 04 - 26\NJUD_1920_28-04-2026.mp3
ABR,29,NJUD_1803,29/04/2026,FINALIZADO,H:\Meu Drive\RADIO TJRN CONTEÚDO\00_PRODUCAO_2026\02_JORNAIS_NJUD\03_AUDIOS_RADIO\04 - ABR - 26\NJUD_1803_29-04-2026.mp3
ABR,29,NJUD_1921,29/04/2026,FINALIZADO,H:\Meu Drive\RADIO TJRN CONTEÚDO\00_PRODUCAO_2026\02_JORNAIS_NJUD\03_AUDIOS_RADIO\04 - 04 - 26\NJUD_1921_29-04-2026.mp3
ABR,29,NJUD_1922,29/04/2026,FINALIZADO,H:\Meu Drive\RADIO TJRN CONTEÚDO\00_PRODUCAO_2026\02_JORNAIS_NJUD\03_AUDIOS_RADIO\04 - 04 - 26\NJUD_1922_29-04-2026.mp3
ABR,30,NJUD_1804,30/04/2026,FINALIZADO,H:\Meu Drive\RADIO TJRN CONTEÚDO\00_PRODUCAO_2026\02_JORNAIS_NJUD\03_AUDIOS_RADIO\04 - ABR - 26\NJUD_1804_30-04-2026.mp3
ABR,30,NJUD_1906,30/04/2026,FINALIZADO,H:\Meu Drive\RADIO TJRN CONTEÚDO\00_PRODUCAO_2026\02_JORNAIS_NJUD\03_AUDIOS_RADIO\04 - 04 - 26\NJUD_1906_30-04-2026.mp3
MAI,1,NJUD_1909,01/05/2026,FINALIZADO,H:\Meu Drive\RADIO TJRN CONTEÚDO\00_PRODUCAO_2026\02_JORNAIS_NJUD\03_AUDIOS_RADIO\05 - 05 - 26\NJUD_1909_01-05-2026.mp3
MAI,4,NJUD_1865,04/05/2026,FINALIZADO,H:\Meu Drive\RADIO TJRN CONTEÚDO\00_PRODUCAO_2026\02_JORNAIS_NJUD\03_AUDIOS_RADIO\05 - MAI - 26\NJUD_1865_04-05-2026.mp3
MAI,4,NJUD_1901,04/05/2026,FINALIZADO,H:\Meu Drive\RADIO TJRN CONTEÚDO\00_PRODUCAO_2026\02_JORNAIS_NJUD\03_AUDIOS_RADIO\05 - MAI - 26\NJUD_1901_04-05-2026.mp3
MAI,4,NJUD_1914,04/05/2026,FINALIZADO,H:\Meu Drive\RADIO TJRN CONTEÚDO\00_PRODUCAO_2026\02_JORNAIS_NJUD\03_AUDIOS_RADIO\05 - 05 - 26\NJUD_1914_04-05-2026.mp3
MAI,5,NJUD_1866,05/05/2026,FINALIZADO,H:\Meu Drive\RADIO TJRN CONTEÚDO\00_PRODUCAO_2026\02_JORNAIS_NJUD\03_AUDIOS_RADIO\05 - MAI - 26\NJUD_1866_05-05-2026.mp3
MAI,5,NJUD_1902,05/05/2026,FINALIZADO,H:\Meu Drive\RADIO TJRN CONTEÚDO\00_PRODUCAO_2026\02_JORNAIS_NJUD\03_AUDIOS_RADIO\05 - MAI - 26\NJUD_1902_05-05-2026.mp3
MAI,5,NJUD_1916,05/05/2026,FINALIZADO,H:\Meu Drive\RADIO TJRN CONTEÚDO\00_PRODUCAO_2026\02_JORNAIS_NJUD\03_AUDIOS_RADIO\05 - 05 - 26\NJUD_1916_05-05-2026.mp3
MAI,6,NJUD_1867,06/05/2026,FINALIZADO,H:\Meu Drive\RADIO TJRN CONTEÚDO\00_PRODUCAO_2026\02_JORNAIS_NJUD\03_AUDIOS_RADIO\05 - MAI - 26\NJUD_1867_06-05-2026.mp3
MAI,6,NJUD_1903,06/05/2026,FINALIZADO,H:\Meu Drive\RADIO TJRN CONTEÚDO\00_PRODUCAO_2026\02_JORNAIS_NJUD\03_AUDIOS_RADIO\05 - MAI - 26\NJUD_1903_06-05-2026.mp3
MAI,6,NJUD_1919,06/05/2026,FINALIZADO,H:\Meu Drive\RADIO TJRN CONTEÚDO\00_PRODUCAO_2026\02_JORNAIS_NJUD\03_AUDIOS_RADIO\05 - 05 - 26\NJUD_1919_06-05-2026.mp3
MAI,7,NJUD_1868,07/05/2026,FINALIZADO,H:\Meu Drive\RADIO TJRN CONTEÚDO\00_PRODUCAO_2026\02_JORNAIS_NJUD\03_AUDIOS_RADIO\05 - MAI - 26\NJUD_1868_07-05-2026.mp3
MAI,7,NJUD_1904,07/05/2026,FINALIZADO,H:\Meu Drive\RADIO TJRN CONTEÚDO\00_PRODUCAO_2026\02_JORNAIS_NJUD\03_AUDIOS_RADIO\05 - MAI - 26\NJUD_1904_07-05-2026.mp3
MAI,7,NJUD_1921,07/05/2026,FINALIZADO,H:\Meu Drive\RADIO TJRN CONTEÚDO\00_PRODUCAO_2026\02_JORNAIS_NJUD\03_AUDIOS_RADIO\05 - 05 - 26\NJUD_1921_07-05-2026.mp3
MAI,8,NJUD_1869,08/05/2026,FINALIZADO,H:\Meu Drive\RADIO TJRN CONTEÚDO\00_PRODUCAO_2026\02_JORNAIS_NJUD\03_AUDIOS_RADIO\05 - MAI - 26\NJUD_1869_08-05-2026.mp3
MAI,8,NJUD_1877,08/05/2026,FINALIZADO,H:\Meu Drive\RADIO TJRN CONTEÚDO\00_PRODUCAO_2026\02_JORNAIS_NJUD\03_AUDIOS_RADIO\05 - MAI - 26\NJUD_1877_08-05-2026.mp3
MAI,8,NJUD_1905,08/05/2026,FINALIZADO,H:\Meu Drive\RADIO TJRN CONTEÚDO\00_PRODUCAO_2026\02_JORNAIS_NJUD\03_AUDIOS_RADIO\05 - MAI - 26\NJUD_1905_08-05-2026.mp3
MAI,11,NJUD_1870,11/05/2026,FINALIZADO,H:\Meu Drive\RADIO TJRN CONTEÚDO\00_PRODUCAO_2026\02_JORNAIS_NJUD\03_AUDIOS_RADIO\05 - MAI - 26\NJUD_1870_11-05-2026.mp3
MAI,11,NJUD_2001,11/05/2026,FINALIZADO,H:\Meu Drive\RADIO TJRN CONTEÚDO\00_PRODUCAO_2026\02_JORNAIS_NJUD\03_AUDIOS_RADIO\05 - MAI - 26\NJUD_2001_11-05-2026.mp3
MAI,12,NJUD_1871,12/05/2026,FINALIZADO,H:\Meu Drive\RADIO TJRN CONTEÚDO\00_PRODUCAO_2026\02_JORNAIS_NJUD\03_AUDIOS_RADIO\05 - MAI - 26\NJUD_1871_12-05-2026.mp3
MAI,12,NJUD_2002,12/05/2026,FINALIZADO,H:\Meu Drive\RADIO TJRN CONTEÚDO\00_PRODUCAO_2026\02_JORNAIS_NJUD\03_AUDIOS_RADIO\05 - MAI - 26\NJUD_2002_12-05-2026.mp3
MAI,13,NJUD_1872,13/05/2026,FINALIZADO,H:\Meu Drive\RADIO TJRN CONTEÚDO\00_PRODUCAO_2026\02_JORNAIS_NJUD\03_AUDIOS_RADIO\05 - MAI - 26\NJUD_1872_13-05-2026.mp3
MAI,13,NJUD_2003,13/05/2026,FINALIZADO,H:\Meu Drive\RADIO TJRN CONTEÚDO\00_PRODUCAO_2026\02_JORNAIS_NJUD\03_AUDIOS_RADIO\05 - MAI - 26\NJUD_2003_13-05-2026.mp3
MAI,14,NJUD_1873,14/05/2026,FINALIZADO,H:\Meu Drive\RADIO TJRN CONTEÚDO\00_PRODUCAO_2026\02_JORNAIS_NJUD\03_AUDIOS_RADIO\05 - MAI - 26\NJUD_1873_14-05-2026.mp3
MAI,14,NJUD_2004,14/05/2026,FINALIZADO,H:\Meu Drive\RADIO TJRN CONTEÚDO\00_PRODUCAO_2026\02_JORNAIS_NJUD\03_AUDIOS_RADIO\05 - MAI - 26\NJUD_2004_14-05-2026.mp3
MAI,15,NJUD_1874,15/05/2026,FINALIZADO,H:\Meu Drive\RADIO TJRN CONTEÚDO\00_PRODUCAO_2026\02_JORNAIS_NJUD\03_AUDIOS_RADIO\05 - MAI - 26\NJUD_1874_15-05-2026.mp3
MAI,15,NJUD_2005,15/05/2026,FINALIZADO,H:\Meu Drive\RADIO TJRN CONTEÚDO\00_PRODUCAO_2026\02_JORNAIS_NJUD\03_AUDIOS_RADIO\05 - MAI - 26\NJUD_2005_15-05-2026.mp3
MAI,18,NJUD_1875,18/05/2026,FINALIZADO,H:\Meu Drive\RADIO TJRN CONTEÚDO\00_PRODUCAO_2026\02_JORNAIS_NJUD\03_AUDIOS_RADIO\05 - MAI - 26\NJUD_1875_18-05-2026.mp3
MAI,18,NJUD_2101,18/05/2026,FINALIZADO,H:\Meu Drive\RADIO TJRN CONTEÚDO\00_PRODUCAO_2026\02_JORNAIS_NJUD\03_AUDIOS_RADIO\05 - MAI - 26\NJUD_2101_18-05-2026.mp3
MAI,19,NJUD_1876,19/05/2026,FINALIZADO,H:\Meu Drive\RADIO TJRN CONTEÚDO\00_PRODUCAO_2026\02_JORNAIS_NJUD\03_AUDIOS_RADIO\05 - MAI - 26\NJUD_1876_19-05-2026.mp3
MAI,19,NJUD_2102,19/05/2026,FINALIZADO,H:\Meu Drive\RADIO TJRN CONTEÚDO\00_PRODUCAO_2026\02_JORNAIS_NJUD\03_AUDIOS_RADIO\05 - MAI - 26\NJUD_2102_19-05-2026.mp3
MAI,20,NJUD_2103,20/05/2026,FINALIZADO,H:\Meu Drive\RADIO TJRN CONTEÚDO\00_PRODUCAO_2026\02_JORNAIS_NJUD\03_AUDIOS_RADIO\05 - MAI - 26\NJUD_2103_20-05-2026.mp3
MAI,21,NJUD_1878,21/05/2026,FINALIZADO,H:\Meu Drive\RADIO TJRN CONTEÚDO\00_PRODUCAO_2026\02_JORNAIS_NJUD\03_AUDIOS_RADIO\05 - MAI - 26\NJUD_1878_21-05-2026.mp3
MAI,21,NJUD_2104,21/05/2026,FINALIZADO,H:\Meu Drive\RADIO TJRN CONTEÚDO\00_PRODUCAO_2026\02_JORNAIS_NJUD\03_AUDIOS_RADIO\05 - MAI - 26\NJUD_2104_21-05-2026.mp3
MAI,22,NJUD_1879,22/05/2026,FINALIZADO,H:\Meu Drive\RADIO TJRN CONTEÚDO\00_PRODUCAO_2026\02_JORNAIS_NJUD\03_AUDIOS_RADIO\05 - MAI - 26\NJUD_1879_22-05-2026.mp3
MAI,22,NJUD_2105,22/05/2026,FINALIZADO,H:\Meu Drive\RADIO TJRN CONTEÚDO\00_PRODUCAO_2026\02_JORNAIS_NJUD\03_AUDIOS_RADIO\05 - MAI - 26\NJUD_2105_22-05-2026.mp3
MAI,25,NJUD_1880,25/05/2026,FINALIZADO,H:\Meu Drive\RADIO TJRN CONTEÚDO\00_PRODUCAO_2026\02_JORNAIS_NJUD\03_AUDIOS_RADIO\05 - MAI - 26\NJUD_1880_25-05-2026.mp3
MAI,25,NJUD_2201,25/05/2026,FINALIZADO,H:\Meu Drive\RADIO TJRN CONTEÚDO\00_PRODUCAO_2026\02_JORNAIS_NJUD\03_AUDIOS_RADIO\05 - MAI - 26\NJUD_2201_25-05-2026.mp3
MAI,26,NJUD_1881,26/05/2026,FINALIZADO,H:\Meu Drive\RADIO TJRN CONTEÚDO\00_PRODUCAO_2026\02_JORNAIS_NJUD\03_AUDIOS_RADIO\05 - MAI - 26\NJUD_1881_26-05-2026.mp3
MAI,26,NJUD_2202,26/05/2026,FINALIZADO,H:\Meu Drive\RADIO TJRN CONTEÚDO\00_PRODUCAO_2026\02_JORNAIS_NJUD\03_AUDIOS_RADIO\05 - MAI - 26\NJUD_2202_26-05-2026.mp3
MAI,27,NJUD_1882,27/05/2026,FINALIZADO,H:\Meu Drive\RADIO TJRN CONTEÚDO\00_PRODUCAO_2026\02_JORNAIS_NJUD\03_AUDIOS_RADIO\05 - MAI - 26\NJUD_1882_27-05-2026.mp3
MAI,27,NJUD_2203,27/05/2026,FINALIZADO,H:\Meu Drive\RADIO TJRN CONTEÚDO\00_PRODUCAO_2026\02_JORNAIS_NJUD\03_AUDIOS_RADIO\05 - MAI - 26\NJUD_2203_27-05-2026.mp3
MAI,28,NJUD_1883,28/05/2026,FINALIZADO,H:\Meu Drive\RADIO TJRN CONTEÚDO\00_PRODUCAO_2026\02_JORNAIS_NJUD\03_AUDIOS_RADIO\05 - MAI - 26\NJUD_1883_28-05-2026.mp3
MAI,28,NJUD_2204,28/05/2026,FINALIZADO,H:\Meu Drive\RADIO TJRN CONTEÚDO\00_PRODUCAO_2026\02_JORNAIS_NJUD\03_AUDIOS_RADIO\05 - MAI - 26\NJUD_2204_28-05-2026.mp3
MAI,29,NJUD_1884,29/05/2026,FINALIZADO,H:\Meu Drive\RADIO TJRN CONTEÚDO\00_PRODUCAO_2026\02_JORNAIS_NJUD\03_AUDIOS_RADIO\05 - MAI - 26\NJUD_1884_29-05-2026.mp3
MAI,29,NJUD_2205,29/05/2026,FINALIZADO,H:\Meu Drive\RADIO TJRN CONTEÚDO\00_PRODUCAO_2026\02_JORNAIS_NJUD\03_AUDIOS_RADIO\05 - MAI - 26\NJUD_2205_29-05-2026.mp3
JUN,1,NJUD_2301,01/06/2026,FINALIZADO,H:\Meu Drive\RADIO TJRN CONTEÚDO\00_PRODUCAO_2026\02_JORNAIS_NJUD\03_AUDIOS_RADIO\06 - JUN - 26\NJUD_2301_01-06-2026.mp3
JUN,2,NJUD_1888,02/06/2026,FINALIZADO,H:\Meu Drive\RADIO TJRN CONTEÚDO\00_PRODUCAO_2026\02_JORNAIS_NJUD\03_AUDIOS_RADIO\06 - JUN - 26\NJUD_1888_02-06-2026.mp3
JUN,2,NJUD_1889,02/06/2026,FINALIZADO,H:\Meu Drive\RADIO TJRN CONTEÚDO\00_PRODUCAO_2026\02_JORNAIS_NJUD\03_AUDIOS_RADIO\06 - 06 - 26\NJUD_1889_02-06-2026.mp3
JUN,2,NJUD_1890,02/06/2026,FINALIZADO,H:\Meu Drive\RADIO TJRN CONTEÚDO\00_PRODUCAO_2026\02_JORNAIS_NJUD\03_AUDIOS_RADIO\06 - 06 - 26\NJUD_1890_02-06-2026.mp3
JUN,2,NJUD_2302,02/06/2026,FINALIZADO,H:\Meu Drive\RADIO TJRN CONTEÚDO\00_PRODUCAO_2026\02_JORNAIS_NJUD\03_AUDIOS_RADIO\06 - JUN - 26\NJUD_2302_02-06-2026.mp3
JUN,3,NJUD_1891,03/06/2026,FINALIZADO,H:\Meu Drive\RADIO TJRN CONTEÚDO\00_PRODUCAO_2026\02_JORNAIS_NJUD\03_AUDIOS_RADIO\06 - 06 - 26\NJUD_1891_03-06-2026.mp3
JUN,3,NJUD_1892,03/06/2026,FINALIZADO,H:\Meu Drive\RADIO TJRN CONTEÚDO\00_PRODUCAO_2026\02_JORNAIS_NJUD\03_AUDIOS_RADIO\06 - 06 - 26\NJUD_1892_03-06-2026.mp3
JUN,3,NJUD_2303,03/06/2026,FINALIZADO,H:\Meu Drive\RADIO TJRN CONTEÚDO\00_PRODUCAO_2026\02_JORNAIS_NJUD\03_AUDIOS_RADIO\06 - JUN - 26\NJUD_2303_03-06-2026.mp3
JUN,4,NJUD_1889,04/06/2026,FINALIZADO,H:\Meu Drive\RADIO TJRN CONTEÚDO\00_PRODUCAO_2026\02_JORNAIS_NJUD\03_AUDIOS_RADIO\06 - 06 - 26\NJUD_1889_04-06-2026.mp3
JUN,8,NJUD_1894,08/06/2026,FINALIZADO,H:\Meu Drive\RADIO TJRN CONTEÚDO\00_PRODUCAO_2026\02_JORNAIS_NJUD\03_AUDIOS_RADIO\06 - JUN - 26\NJUD_1894_08-06-2026.mp3
JUN,8,NJUD_1895,08/06/2026,FINALIZADO,H:\Meu Drive\RADIO TJRN CONTEÚDO\00_PRODUCAO_2026\02_JORNAIS_NJUD\03_AUDIOS_RADIO\06 - 06 - 26\NJUD_1895_08-06-2026.mp3
JUN,8,NJUD_2401,08/06/2026,FINALIZADO,H:\Meu Drive\RADIO TJRN CONTEÚDO\00_PRODUCAO_2026\02_JORNAIS_NJUD\03_AUDIOS_RADIO\06 - JUN - 26\NJUD_2401_08-06-2026.mp3
JUN,9,NJUD_1896,09/06/2026,FINALIZADO,H:\Meu Drive\RADIO TJRN CONTEÚDO\00_PRODUCAO_2026\02_JORNAIS_NJUD\03_AUDIOS_RADIO\06 - 06 - 26\NJUD_1896_09-06-2026.mp3
JUN,9,NJUD_1897,09/06/2026,FINALIZADO,H:\Meu Drive\RADIO TJRN CONTEÚDO\00_PRODUCAO_2026\02_JORNAIS_NJUD\03_AUDIOS_RADIO\06 - 06 - 26\NJUD_1897_09-06-2026.mp3
JUN,9,NJUD_1898,09/06/2026,FINALIZADO,H:\Meu Drive\RADIO TJRN CONTEÚDO\00_PRODUCAO_2026\02_JORNAIS_NJUD\03_AUDIOS_RADIO\06 - 06 - 26\NJUD_1898_09-06-2026.mp3
JUN,9,NJUD_2402,09/06/2026,FINALIZADO,H:\Meu Drive\RADIO TJRN CONTEÚDO\00_PRODUCAO_2026\02_JORNAIS_NJUD\03_AUDIOS_RADIO\06 - JUN - 26\NJUD_2402_09-06-2026.mp3
JUN,10,NJUD_1897,10/06/2026,FINALIZADO,H:\Meu Drive\RADIO TJRN CONTEÚDO\00_PRODUCAO_2026\02_JORNAIS_NJUD\03_AUDIOS_RADIO\06 - 06 - 26\NJUD_1897_10-06-2026.mp3
JUN,10,NJUD_1899,10/06/2026,FINALIZADO,H:\Meu Drive\RADIO TJRN CONTEÚDO\00_PRODUCAO_2026\02_JORNAIS_NJUD\03_AUDIOS_RADIO\06 - 06 - 26\NJUD_1899_10-06-2026.mp3
JUN,10,NJUD_2403,10/06/2026,FINALIZADO,H:\Meu Drive\RADIO TJRN CONTEÚDO\00_PRODUCAO_2026\02_JORNAIS_NJUD\03_AUDIOS_RADIO\06 - JUN - 26\NJUD_2403_10-06-2026.mp3
JUN,11,NJUD_2404,11/06/2026,FINALIZADO,H:\Meu Drive\RADIO TJRN CONTEÚDO\00_PRODUCAO_2026\02_JORNAIS_NJUD\03_AUDIOS_RADIO\06 - JUN - 26\NJUD_2404_11-06-2026.mp3
JUN,12,NJUD_2405,12/06/2026,FINALIZADO,H:\Meu Drive\RADIO TJRN CONTEÚDO\00_PRODUCAO_2026\02_JORNAIS_NJUD\03_AUDIOS_RADIO\06 - JUN - 26\NJUD_2405_12-06-2026.mp3
JUN,15,NJUD_2501,15/06/2026,FINALIZADO,H:\Meu Drive\RADIO TJRN CONTEÚDO\00_PRODUCAO_2026\02_JORNAIS_NJUD\03_AUDIOS_RADIO\06 - JUN - 26\NJUD_2501_15-06-2026.mp3
JUN,16,NJUD_2502,16/06/2026,FINALIZADO,H:\Meu Drive\RADIO TJRN CONTEÚDO\00_PRODUCAO_2026\02_JORNAIS_NJUD\03_AUDIOS_RADIO\06 - JUN - 26\NJUD_2502_16-06-2026.mp3
JUN,17,NJUD_2503,17/06/2026,FINALIZADO,H:\Meu Drive\RADIO TJRN CONTEÚDO\00_PRODUCAO_2026\02_JORNAIS_NJUD\03_AUDIOS_RADIO\06 - JUN - 26\NJUD_2503_17-06-2026.mp3
JUN,18,NJUD_2504,18/06/2026,FINALIZADO,H:\Meu Drive\RADIO TJRN CONTEÚDO\00_PRODUCAO_2026\02_JORNAIS_NJUD\03_AUDIOS_RADIO\06 - JUN - 26\NJUD_2504_18-06-2026.mp3
JUN,26,NJUD_2605,26/06/2026,FINALIZADO,H:\Meu Drive\RADIO TJRN CONTEÚDO\00_PRODUCAO_2026\02_JORNAIS_NJUD\03_AUDIOS_RADIO\06 - JUN - 26\NJUD_2605_26-06-2026.mp3
JUL,26,NJUD_1900,26/07/2026,FINALIZADO(FDS),H:\Meu Drive\RADIO TJRN CONTEÚDO\00_PRODUCAO_2026\02_JORNAIS_NJUD\03_AUDIOS_RADIO\07 - 07 - 26\NJUD_1900_26-07-2026.mp3
JUL,26,NJUD_1901,26/07/2026,FINALIZADO(FDS),H:\Meu Drive\RADIO TJRN CONTEÚDO\00_PRODUCAO_2026\02_JORNAIS_NJUD\03_AUDIOS_RADIO\07 - 07 - 26\NJUD_1901_26-07-2026.mp3
JUL,26,NJUD_3007,26/07/2026,FINALIZADO(FDS),H:\Meu Drive\RADIO TJRN CONTEÚDO\00_PRODUCAO_2026\02_JORNAIS_NJUD\03_AUDIOS_RADIO\07 - JUL - 26\NJUD_3007_26-07-2026.mp3
JUL,27,NJUD_1900,27/07/2026,FINALIZADO,H:\Meu Drive\RADIO TJRN CONTEÚDO\00_PRODUCAO_2026\02_JORNAIS_NJUD\03_AUDIOS_RADIO\07 - 07 - 26\NJUD_1900_27-07-2026.mp3
AGO,26,NJUD_3503,26/08/2026,FINALIZADO,H:\Meu Drive\RADIO TJRN CONTEÚDO\00_PRODUCAO_2026\02_JORNAIS_NJUD\03_AUDIOS_RADIO\08 - AGO - 26\NJUD_3503_26-08-2026.mp3
AGO,27,NJUD_3906,27/08/2026,FINALIZADO,H:\Meu Drive\RADIO TJRN CONTEÚDO\00_PRODUCAO_2026\02_JORNAIS_NJUD\03_AUDIOS_RADIO\08 - AGO - 26\NJUD_3906_27-08-2026.mp3
AGO,27,NJUD_4401,27/08/2026,FINALIZADO,H:\Meu Drive\RADIO TJRN CONTEÚDO\00_PRODUCAO_2026\02_JORNAIS_NJUD\03_AUDIOS_RADIO\08 - AGO - 26\NJUD_4401_27-08-2026.mp3
AGO,27,NJUD_4804,27/08/2026,FINALIZADO,H:\Meu Drive\RADIO TJRN CONTEÚDO\00_PRODUCAO_2026\02_JORNAIS_NJUD\03_AUDIOS_RADIO\08 - AGO - 26\NJUD_4804_27-08-2026.mp3
AGO,27,NJUD_5206,27/08/2026,FINALIZADO,H:\Meu Drive\RADIO TJRN CONTEÚDO\00_PRODUCAO_2026\02_JORNAIS_NJUD\03_AUDIOS_RADIO\08 - AGO - 26\NJUD_5206_27-08-2026.mp3
