arquivo,pasta_drive,status,observacao
NJUD_0204_08-01-2026.mp3,01 - JAN - 26,orfao,"Presente no Drive, ausente em JORNAIS_FINAL"
NJUD_0205_09-01-2026.mp3,01 - JAN - 26,orfao,"Presente no Drive, ausente em JORNAIS_FINAL"
NJUD_0301_12-01-2026.mp3,01 - JAN - 26,orfao,"Presente no Drive, ausente em JORNAIS_FINAL"
NJUD_0303_14-01-2026.mp3,01 - JAN - 26,orfao,"Presente no Drive, ausente em JORNAIS_FINAL"
NJUD_0304_15-01-2026.mp3,01 - JAN - 26,orfao,"Presente no Drive, ausente em JORNAIS_FINAL"
NJUD_0305_16-01-2026.mp3,01 - JAN - 26,orfao,"Presente no Drive, ausente em JORNAIS_FINAL"
NJUD_0401_19-01-2026.mp3,01 - JAN - 26,orfao,"Presente no Drive, ausente em JORNAIS_FINAL"
NJUD_0402_20-01-2026.mp3,01 - JAN - 26,orfao,"Presente no Drive, ausente em JORNAIS_FINAL"
NJUD_0403_21-01-2026.mp3,01 - JAN - 26,orfao,"Presente no Drive, ausente em JORNAIS_FINAL"
NJUD_0404_22-01-2026.mp3,01 - JAN - 26,orfao,"Presente no Drive, ausente em JORNAIS_FINAL"
NJUD_0501_26-01-2026.mp3,01 - JAN - 26,orfao,"Presente no Drive, ausente em JORNAIS_FINAL"
NJUD_0502_27-01-2026.mp3,01 - JAN - 26,orfao,"Presente no Drive, ausente em JORNAIS_FINAL"
NJUD_0503_28-01-2026.mp3,01 - JAN - 26,orfao,"Presente no Drive, ausente em JORNAIS_FINAL"
NJUD_0504_29-01-2026.mp3,01 - JAN - 26,orfao,"Presente no Drive, ausente em JORNAIS_FINAL"
NJUD_0203_07-01-2026.mp3,01 - JAN - 26,orfao,"Presente no Drive, ausente em JORNAIS_FINAL"
NJUD_1793_09-01-2026.mp3,01 - JAN - 26,orfao,"Presente no Drive, ausente em JORNAIS_FINAL"
NJUD_1796_14-01-2026.mp3,01 - JAN - 26,orfao,"Presente no Drive, ausente em JORNAIS_FINAL"
NJUD_1799_19-01-2026.mp3,01 - JAN - 26,orfao,"Presente no Drive, ausente em JORNAIS_FINAL"
NJUD_1801_21-01-2026.mp3,01 - JAN - 26,orfao,"Presente no Drive, ausente em JORNAIS_FINAL"
NJUD_1803_23-01-2026.mp3,01 - JAN - 26,orfao,"Presente no Drive, ausente em JORNAIS_FINAL"
NJUD_1806_28-01-2026.mp3,01 - JAN - 26,orfao,"Presente no Drive, ausente em JORNAIS_FINAL"
NJUD_1808_30-01-2026.mp3,01 - JAN - 26,orfao,"Presente no Drive, ausente em JORNAIS_FINAL"
NJUD_1809_02-02-2026.mp3,01 - JAN - 26,orfao,"Presente no Drive, ausente em JORNAIS_FINAL"
NJUD_1792_08-01-2026.mp3,01 - JAN - 26,orfao,"Presente no Drive, ausente em JORNAIS_FINAL"
NJUD_1795_13-01-2026.mp3,01 - JAN - 26,orfao,"Presente no Drive, ausente em JORNAIS_FINAL"
NJUD_1798_16-01-2026.mp3,01 - JAN - 26,orfao,"Presente no Drive, ausente em JORNAIS_FINAL"
NJUD_1800_20-01-2026.mp3,01 - JAN - 26,orfao,"Presente no Drive, ausente em JORNAIS_FINAL"
NJUD_1802_22-01-2026.mp3,01 - JAN - 26,orfao,"Presente no Drive, ausente em JORNAIS_FINAL"
NJUD_1805_27-01-2026.mp3,01 - JAN - 26,orfao,"Presente no Drive, ausente em JORNAIS_FINAL"
NJUD_1807_28-01-2026.mp3,01 - JAN - 26,orfao,"Presente no Drive, ausente em JORNAIS_FINAL"
NJUD_1794_12-01-2026.mp3,01 - JAN - 26,orfao,"Presente no Drive, ausente em JORNAIS_FINAL"
NJUD_1797_15-01-2026.mp3,01 - JAN - 26,orfao,"Presente no Drive, ausente em JORNAIS_FINAL"
NJUD_1804_26-01-2026.mp3,01 - JAN - 26,orfao,"Presente no Drive, ausente em JORNAIS_FINAL"
NJUD_1812_05-02-2026.mp3,01 - JAN - 26,orfao,"Presente no Drive, ausente em JORNAIS_FINAL"
NJUD_1822_24-02-2026.mp3,01 - JAN - 26,orfao,"Presente no Drive, ausente em JORNAIS_FINAL"
NJUD_1829_05-03-2026.mp3,01 - JAN - 26,orfao,"Presente no Drive, ausente em JORNAIS_FINAL"
NJUD_1836_16-03-2026.mp3,01 - JAN - 26,orfao,"Presente no Drive, ausente em JORNAIS_FINAL"
NJUD_1794_12-01-2026.mp3,01 - JAN - 26\_extra,orfao,"Presente no Drive, ausente em JORNAIS_FINAL"
NJUD_1797_15-01-2026.mp3,01 - JAN - 26\_extra,orfao,"Presente no Drive, ausente em JORNAIS_FINAL"
NJUD_1804_26-01-2026.mp3,01 - JAN - 26\_extra,orfao,"Presente no Drive, ausente em JORNAIS_FINAL"
NJUD_1795_13-01-2026.mp3,01 - JAN - 26\_extra,orfao,"Presente no Drive, ausente em JORNAIS_FINAL"
NJUD_1798_16-01-2026.mp3,01 - JAN - 26\_extra,orfao,"Presente no Drive, ausente em JORNAIS_FINAL"
NJUD_1800_20-01-2026.mp3,01 - JAN - 26\_extra,orfao,"Presente no Drive, ausente em JORNAIS_FINAL"
NJUD_1802_22-01-2026.mp3,01 - JAN - 26\_extra,orfao,"Presente no Drive, ausente em JORNAIS_FINAL"
NJUD_1805_27-01-2026.mp3,01 - JAN - 26\_extra,orfao,"Presente no Drive, ausente em JORNAIS_FINAL"
NJUD_1807_28-01-2026.mp3,01 - JAN - 26\_extra,orfao,"Presente no Drive, ausente em JORNAIS_FINAL"
NJUD_0601_02-02-2026.mp3,02 - FEV - 26,orfao,"Presente no Drive, ausente em JORNAIS_FINAL"
NJUD_0602_03-02-2026.mp3,02 - FEV - 26,orfao,"Presente no Drive, ausente em JORNAIS_FINAL"
NJUD_0603_04-02-2026.mp3,02 - FEV - 26,orfao,"Presente no Drive, ausente em JORNAIS_FINAL"
NJUD_0604_05-02-2026.mp3,02 - FEV - 26,orfao,"Presente no Drive, ausente em JORNAIS_FINAL"
NJUD_0605_06-02-2026.mp3,02 - FEV - 26,orfao,"Presente no Drive, ausente em JORNAIS_FINAL"
NJUD_0701_09-02-2026.mp3,02 - FEV - 26,orfao,"Presente no Drive, ausente em JORNAIS_FINAL"
NJUD_0702_10-02-2026.mp3,02 - FEV - 26,orfao,"Presente no Drive, ausente em JORNAIS_FINAL"
NJUD_0703_11-02-2026.mp3,02 - FEV - 26,orfao,"Presente no Drive, ausente em JORNAIS_FINAL"
NJUD_0704_12-02-2026.mp3,02 - FEV - 26,orfao,"Presente no Drive, ausente em JORNAIS_FINAL"
NJUD_0705_13-02-2026.mp3,02 - FEV - 26,orfao,"Presente no Drive, ausente em JORNAIS_FINAL"
NJUD_0804_19-02-2026.mp3,02 - FEV - 26,orfao,"Presente no Drive, ausente em JORNAIS_FINAL"
NJUD_0805_20-02-2026.mp3,02 - FEV - 26,orfao,"Presente no Drive, ausente em JORNAIS_FINAL"
NJUD_0901_23-02-2026.mp3,02 - FEV - 26,orfao,"Presente no Drive, ausente em JORNAIS_FINAL"
NJUD_0902_24-02-2026.mp3,02 - FEV - 26,orfao,"Presente no Drive, ausente em JORNAIS_FINAL"
NJUD_0904_26-02-2026.mp3,02 - FEV - 26,orfao,"Presente no Drive, ausente em JORNAIS_FINAL"
NJUD_0905_27-02-2026.mp3,02 - FEV - 26,orfao,"Presente no Drive, ausente em JORNAIS_FINAL"
NJUD_1811_04-02-2026.mp3,02 - FEV - 26,orfao,"Presente no Drive, ausente em JORNAIS_FINAL"
NJUD_1814_09-02-2026.mp3,02 - FEV - 26,orfao,"Presente no Drive, ausente em JORNAIS_FINAL"
NJUD_1816_11-02-2026.mp3,02 - FEV - 26,orfao,"Presente no Drive, ausente em JORNAIS_FINAL"
NJUD_1819_19-02-2026.mp3,02 - FEV - 26,orfao,"Presente no Drive, ausente em JORNAIS_FINAL"
NJUD_1821_23-02-2026.mp3,02 - FEV - 26,orfao,"Presente no Drive, ausente em JORNAIS_FINAL"
NJUD_1824_26-02-2026.mp3,02 - FEV - 26,orfao,"Presente no Drive, ausente em JORNAIS_FINAL"
NJUD_1826_02-03-2026.mp3,02 - FEV - 26,orfao,"Presente no Drive, ausente em JORNAIS_FINAL"
NJUD_1812_05-02-2026.mp3,02 - FEV - 26,orfao,"Presente no Drive, ausente em JORNAIS_FINAL"
NJUD_1813_06-02-2026.mp3,02 - FEV - 26,orfao,"Presente no Drive, ausente em JORNAIS_FINAL"
NJUD_1815_10-02-2026.mp3,02 - FEV - 26,orfao,"Presente no Drive, ausente em JORNAIS_FINAL"
NJUD_1820_20-02-2026.mp3,02 - FEV - 26,orfao,"Presente no Drive, ausente em JORNAIS_FINAL"
NJUD_1822_24-02-2026.mp3,02 - FEV - 26,orfao,"Presente no Drive, ausente em JORNAIS_FINAL"
NJUD_1823_25-02-2026.mp3,02 - FEV - 26,orfao,"Presente no Drive, ausente em JORNAIS_FINAL"
NJUD_1825_27-02-2026.mp3,02 - FEV - 26,orfao,"Presente no Drive, ausente em JORNAIS_FINAL"
NJUD_1810_03-02-2026.mp3,02 - FEV - 26,orfao,"Presente no Drive, ausente em JORNAIS_FINAL"
NJUD_1817_12-02-2026.mp3,02 - FEV - 26,orfao,"Presente no Drive, ausente em JORNAIS_FINAL"
NJUD_1818_13-02-2026.mp3,02 - FEV - 26,orfao,"Presente no Drive, ausente em JORNAIS_FINAL"
NJUD_1841_23-03-2026.mp3,02 - FEV - 26,orfao,"Presente no Drive, ausente em JORNAIS_FINAL"
NJUD_1846_30-03-2026.mp3,02 - FEV - 26,orfao,"Presente no Drive, ausente em JORNAIS_FINAL"
NJUD_1903_30-06-2026.mp3,02 - FEV - 26,orfao,"Presente no Drive, ausente em JORNAIS_FINAL"
NJUD_1908_06-07-2026.mp3,02 - FEV - 26,orfao,"Presente no Drive, ausente em JORNAIS_FINAL"
NJUD_1913_14-07-2026.mp3,02 - FEV - 26,orfao,"Presente no Drive, ausente em JORNAIS_FINAL"
NJUD_1918_20-07-2026.mp3,02 - FEV - 26,orfao,"Presente no Drive, ausente em JORNAIS_FINAL"
NJUD_1896_18-06-2026.mp3,02 - FEV - 26,orfao,"Presente no Drive, ausente em JORNAIS_FINAL"
NJUD_1818_13-02-2026.mp3,02 - FEV - 26\_extra,orfao,"Presente no Drive, ausente em JORNAIS_FINAL"
NJUD_1813_06-02-2026.mp3,02 - FEV - 26\_extra,orfao,"Presente no Drive, ausente em JORNAIS_FINAL"
NJUD_1815_10-02-2026.mp3,02 - FEV - 26\_extra,orfao,"Presente no Drive, ausente em JORNAIS_FINAL"
NJUD_1820_20-02-2026.mp3,02 - FEV - 26\_extra,orfao,"Presente no Drive, ausente em JORNAIS_FINAL"
NJUD_1823_25-02-2026.mp3,02 - FEV - 26\_extra,orfao,"Presente no Drive, ausente em JORNAIS_FINAL"
NJUD_1825_27-02-2026.mp3,02 - FEV - 26\_extra,orfao,"Presente no Drive, ausente em JORNAIS_FINAL"
NJUD_1001_02-03-2026.mp3,03 - MAR - 26,orfao,"Presente no Drive, ausente em JORNAIS_FINAL"
NJUD_1002_03-03-2026.mp3,03 - MAR - 26,orfao,"Presente no Drive, ausente em JORNAIS_FINAL"
NJUD_1003_04-03-2026.mp3,03 - MAR - 26,orfao,"Presente no Drive, ausente em JORNAIS_FINAL"
NJUD_1004_05-03-2026.mp3,03 - MAR - 26,orfao,"Presente no Drive, ausente em JORNAIS_FINAL"
NJUD_1005_06-03-2026.mp3,03 - MAR - 26,orfao,"Presente no Drive, ausente em JORNAIS_FINAL"
NJUD_1101_09-03-2026.mp3,03 - MAR - 26,orfao,"Presente no Drive, ausente em JORNAIS_FINAL"
NJUD_1102_10-03-2026.mp3,03 - MAR - 26,orfao,"Presente no Drive, ausente em JORNAIS_FINAL"
NJUD_1103_11-03-2026.mp3,03 - MAR - 26,orfao,"Presente no Drive, ausente em JORNAIS_FINAL"
NJUD_1104_12-03-2026.mp3,03 - MAR - 26,orfao,"Presente no Drive, ausente em JORNAIS_FINAL"
NJUD_1105_13-03-2026.mp3,03 - MAR - 26,orfao,"Presente no Drive, ausente em JORNAIS_FINAL"
NJUD_1201_16-03-2026.mp3,03 - MAR - 26,orfao,"Presente no Drive, ausente em JORNAIS_FINAL"
NJUD_1202_17-03-2026.mp3,03 - MAR - 26,orfao,"Presente no Drive, ausente em JORNAIS_FINAL"
NJUD_1203_18-03-2026.mp3,03 - MAR - 26,orfao,"Presente no Drive, ausente em JORNAIS_FINAL"
NJUD_1204_19-03-2026.mp3,03 - MAR - 26,orfao,"Presente no Drive, ausente em JORNAIS_FINAL"
NJUD_1205_20-03-2026.mp3,03 - MAR - 26,orfao,"Presente no Drive, ausente em JORNAIS_FINAL"
NJUD_1301_23-03-2026.mp3,03 - MAR - 26,orfao,"Presente no Drive, ausente em JORNAIS_FINAL"
NJUD_1302_24-03-2026.mp3,03 - MAR - 26,orfao,"Presente no Drive, ausente em JORNAIS_FINAL"
NJUD_1304_26-03-2026.mp3,03 - MAR - 26,orfao,"Presente no Drive, ausente em JORNAIS_FINAL"
NJUD_1305_27-03-2026.mp3,03 - MAR - 26,orfao,"Presente no Drive, ausente em JORNAIS_FINAL"
NJUD_1401_30-03-2026.mp3,03 - MAR - 26,orfao,"Presente no Drive, ausente em JORNAIS_FINAL"
NJUD_1402_31-03-2026.mp3,03 - MAR - 26,orfao,"Presente no Drive, ausente em JORNAIS_FINAL"
NJUD_1828_04-03-2026.mp3,03 - MAR - 26,orfao,"Presente no Drive, ausente em JORNAIS_FINAL"
NJUD_1831_09-03-2026.mp3,03 - MAR - 26,orfao,"Presente no Drive, ausente em JORNAIS_FINAL"
NJUD_1833_11-03-2026.mp3,03 - MAR - 26,orfao,"Presente no Drive, ausente em JORNAIS_FINAL"
NJUD_1835_13-03-2026.mp3,03 - MAR - 26,orfao,"Presente no Drive, ausente em JORNAIS_FINAL"
NJUD_1838_18-03-2026.mp3,03 - MAR - 26,orfao,"Presente no Drive, ausente em JORNAIS_FINAL"
NJUD_1840_20-03-2026.mp3,03 - MAR - 26,orfao,"Presente no Drive, ausente em JORNAIS_FINAL"
NJUD_1843_25-03-2026.mp3,03 - MAR - 26,orfao,"Presente no Drive, ausente em JORNAIS_FINAL"
NJUD_1845_27-03-2026.mp3,03 - MAR - 26,orfao,"Presente no Drive, ausente em JORNAIS_FINAL"
NJUD_1848_06-04-2026.mp3,03 - MAR - 26,orfao,"Presente no Drive, ausente em JORNAIS_FINAL"
NJUD_1827_03-03-2026.mp3,03 - MAR - 26,orfao,"Presente no Drive, ausente em JORNAIS_FINAL"
NJUD_1829_05-03-2026.mp3,03 - MAR - 26,orfao,"Presente no Drive, ausente em JORNAIS_FINAL"
NJUD_1830_06-03-2026.mp3,03 - MAR - 26,orfao,"Presente no Drive, ausente em JORNAIS_FINAL"
NJUD_1832_10-03-2026.mp3,03 - MAR - 26,orfao,"Presente no Drive, ausente em JORNAIS_FINAL"
NJUD_1834_12-03-2026.mp3,03 - MAR - 26,orfao,"Presente no Drive, ausente em JORNAIS_FINAL"
NJUD_1836_16-03-2026.mp3,03 - MAR - 26,orfao,"Presente no Drive, ausente em JORNAIS_FINAL"
NJUD_1837_17-03-2026.mp3,03 - MAR - 26,orfao,"Presente no Drive, ausente em JORNAIS_FINAL"
NJUD_1839_19-03-2026.mp3,03 - MAR - 26,orfao,"Presente no Drive, ausente em JORNAIS_FINAL"
NJUD_1841_23-03-2026.mp3,03 - MAR - 26,orfao,"Presente no Drive, ausente em JORNAIS_FINAL"
NJUD_1842_24-03-2026.mp3,03 - MAR - 26,orfao,"Presente no Drive, ausente em JORNAIS_FINAL"
NJUD_1844_26-03-2026.mp3,03 - MAR - 26,orfao,"Presente no Drive, ausente em JORNAIS_FINAL"
NJUD_1846_30-03-2026.mp3,03 - MAR - 26,orfao,"Presente no Drive, ausente em JORNAIS_FINAL"
NJUD_1847_30-03-2026.mp3,03 - MAR - 26,orfao,"Presente no Drive, ausente em JORNAIS_FINAL"
NJUD_1827_03-03-2026.mp3,03 - MAR - 26\_extra,orfao,"Presente no Drive, ausente em JORNAIS_FINAL"
NJUD_1830_06-03-2026.mp3,03 - MAR - 26\_extra,orfao,"Presente no Drive, ausente em JORNAIS_FINAL"
NJUD_1832_10-03-2026.mp3,03 - MAR - 26\_extra,orfao,"Presente no Drive, ausente em JORNAIS_FINAL"
NJUD_1834_12-03-2026.mp3,03 - MAR - 26\_extra,orfao,"Presente no Drive, ausente em JORNAIS_FINAL"
NJUD_1837_17-03-2026.mp3,03 - MAR - 26\_extra,orfao,"Presente no Drive, ausente em JORNAIS_FINAL"
NJUD_1839_19-03-2026.mp3,03 - MAR - 26\_extra,orfao,"Presente no Drive, ausente em JORNAIS_FINAL"
NJUD_1842_24-03-2026.mp3,03 - MAR - 26\_extra,orfao,"Presente no Drive, ausente em JORNAIS_FINAL"
NJUD_1844_26-03-2026.mp3,03 - MAR - 26\_extra,orfao,"Presente no Drive, ausente em JORNAIS_FINAL"
NJUD_1847_30-03-2026.mp3,03 - MAR - 26\_extra,orfao,"Presente no Drive, ausente em JORNAIS_FINAL"
NJUD_1501_06-04-2026.mp3,04 - ABR - 26,orfao,"Presente no Drive, ausente em JORNAIS_FINAL"
NJUD_1502_07-04-2026.mp3,04 - ABR - 26,orfao,"Presente no Drive, ausente em JORNAIS_FINAL"
NJUD_1503_08-04-2026.mp3,04 - ABR - 26,orfao,"Presente no Drive, ausente em JORNAIS_FINAL"
NJUD_1504_09-04-2026.mp3,04 - ABR - 26,orfao,"Presente no Drive, ausente em JORNAIS_FINAL"
NJUD_1505_10-04-2026.mp3,04 - ABR - 26,orfao,"Presente no Drive, ausente em JORNAIS_FINAL"
NJUD_1601_13-04-2026.mp3,04 - ABR - 26,orfao,"Presente no Drive, ausente em JORNAIS_FINAL"
NJUD_1602_14-04-2026.mp3,04 - ABR - 26,orfao,"Presente no Drive, ausente em JORNAIS_FINAL"
NJUD_1603_15-04-2026.mp3,04 - ABR - 26,orfao,"Presente no Drive, ausente em JORNAIS_FINAL"
NJUD_1604_16-04-2026.mp3,04 - ABR - 26,orfao,"Presente no Drive, ausente em JORNAIS_FINAL"
NJUD_1605_17-04-2026.mp3,04 - ABR - 26,orfao,"Presente no Drive, ausente em JORNAIS_FINAL"
NJUD_1703_22-04-2026.mp3,04 - ABR - 26,orfao,"Presente no Drive, ausente em JORNAIS_FINAL"
NJUD_1704_23-04-2026.mp3,04 - ABR - 26,orfao,"Presente no Drive, ausente em JORNAIS_FINAL"
NJUD_1705_24-04-2026.mp3,04 - ABR - 26,orfao,"Presente no Drive, ausente em JORNAIS_FINAL"
NJUD_1802_22-01-2026.mp3,04 - ABR - 26,orfao,"Presente no Drive, ausente em JORNAIS_FINAL"
NJUD_1803_23-01-2026.mp3,04 - ABR - 26,orfao,"Presente no Drive, ausente em JORNAIS_FINAL"
NJUD_1804_26-01-2026.mp3,04 - ABR - 26,orfao,"Presente no Drive, ausente em JORNAIS_FINAL"
NJUD_1707_26-04-2026.mp3,04 - ABR - 26,orfao,"Presente no Drive, ausente em JORNAIS_FINAL"
NJUD_1801_21-01-2026.mp3,04 - ABR - 26,orfao,"Presente no Drive, ausente em JORNAIS_FINAL"
NJUD_1927_03-08-2026.mp3,04 - ABR - 26,orfao,"Presente no Drive, ausente em JORNAIS_FINAL"
NJUD_1902_26-06-2026.mp3,04 - ABR - 26,orfao,"Presente no Drive, ausente em JORNAIS_FINAL"
NJUD_1905_01-07-2026.mp3,04 - ABR - 26,orfao,"Presente no Drive, ausente em JORNAIS_FINAL"
NJUD_1907_03-07-2026.mp3,04 - ABR - 26,orfao,"Presente no Drive, ausente em JORNAIS_FINAL"
NJUD_1910_09-07-2026.mp3,04 - ABR - 26,orfao,"Presente no Drive, ausente em JORNAIS_FINAL"
NJUD_1911_09-07-2026.mp3,04 - ABR - 26,orfao,"Presente no Drive, ausente em JORNAIS_FINAL"
NJUD_1915_16-07-2026.mp3,04 - ABR - 26,orfao,"Presente no Drive, ausente em JORNAIS_FINAL"
NJUD_1917_17-07-2026.mp3,04 - ABR - 26,orfao,"Presente no Drive, ausente em JORNAIS_FINAL"
NJUD_1920_23-07-2026.mp3,04 - ABR - 26,orfao,"Presente no Drive, ausente em JORNAIS_FINAL"
NJUD_1922_27-07-2026.mp3,04 - ABR - 26,orfao,"Presente no Drive, ausente em JORNAIS_FINAL"
NJUD_1903_30-06-2026.mp3,04 - ABR - 26,orfao,"Presente no Drive, ausente em JORNAIS_FINAL"
NJUD_1904_01-07-2026.mp3,04 - ABR - 26,orfao,"Presente no Drive, ausente em JORNAIS_FINAL"
NJUD_1906_03-07-2026.mp3,04 - ABR - 26,orfao,"Presente no Drive, ausente em JORNAIS_FINAL"
NJUD_1908_06-07-2026.mp3,04 - ABR - 26,orfao,"Presente no Drive, ausente em JORNAIS_FINAL"
NJUD_1909_07-07-2026.mp3,04 - ABR - 26,orfao,"Presente no Drive, ausente em JORNAIS_FINAL"
NJUD_1913_14-07-2026.mp3,04 - ABR - 26,orfao,"Presente no Drive, ausente em JORNAIS_FINAL"
NJUD_1914_14-07-2026.mp3,04 - ABR - 26,orfao,"Presente no Drive, ausente em JORNAIS_FINAL"
NJUD_1916_17-07-2026.mp3,04 - ABR - 26,orfao,"Presente no Drive, ausente em JORNAIS_FINAL"
NJUD_1918_20-07-2026.mp3,04 - ABR - 26,orfao,"Presente no Drive, ausente em JORNAIS_FINAL"
NJUD_1919_22-07-2026.mp3,04 - ABR - 26,orfao,"Presente no Drive, ausente em JORNAIS_FINAL"
NJUD_1921_24-07-2026.mp3,04 - ABR - 26,orfao,"Presente no Drive, ausente em JORNAIS_FINAL"
NJUD_1912_10-07-2026.mp3,04 - ABR - 26,orfao,"Presente no Drive, ausente em JORNAIS_FINAL"
NJUD_1904_01-07-2026.mp3,04 - ABR - 26\_extra,orfao,"Presente no Drive, ausente em JORNAIS_FINAL"
NJUD_1906_03-07-2026.mp3,04 - ABR - 26\_extra,orfao,"Presente no Drive, ausente em JORNAIS_FINAL"
NJUD_1865_04-05-2026.mp3,05 - MAI - 26,orfao,"Presente no Drive, ausente em JORNAIS_FINAL"
NJUD_1866_05-05-2026.mp3,05 - MAI - 26,orfao,"Presente no Drive, ausente em JORNAIS_FINAL"
NJUD_1867_06-05-2026.mp3,05 - MAI - 26,orfao,"Presente no Drive, ausente em JORNAIS_FINAL"
NJUD_1868_07-05-2026.mp3,05 - MAI - 26,orfao,"Presente no Drive, ausente em JORNAIS_FINAL"
NJUD_1869_08-05-2026.mp3,05 - MAI - 26,orfao,"Presente no Drive, ausente em JORNAIS_FINAL"
NJUD_1870_11-05-2026.mp3,05 - MAI - 26,orfao,"Presente no Drive, ausente em JORNAIS_FINAL"
NJUD_1871_12-05-2026.mp3,05 - MAI - 26,orfao,"Presente no Drive, ausente em JORNAIS_FINAL"
NJUD_1872_13-05-2026.mp3,05 - MAI - 26,orfao,"Presente no Drive, ausente em JORNAIS_FINAL"
NJUD_1873_14-05-2026.mp3,05 - MAI - 26,orfao,"Presente no Drive, ausente em JORNAIS_FINAL"
NJUD_1874_15-05-2026.mp3,05 - MAI - 26,orfao,"Presente no Drive, ausente em JORNAIS_FINAL"
NJUD_1875_18-05-2026.mp3,05 - MAI - 26,orfao,"Presente no Drive, ausente em JORNAIS_FINAL"
NJUD_1876_19-05-2026.mp3,05 - MAI - 26,orfao,"Presente no Drive, ausente em JORNAIS_FINAL"
NJUD_1878_21-05-2026.mp3,05 - MAI - 26,orfao,"Presente no Drive, ausente em JORNAIS_FINAL"
NJUD_1879_22-05-2026.mp3,05 - MAI - 26,orfao,"Presente no Drive, ausente em JORNAIS_FINAL"
NJUD_1880_25-05-2026.mp3,05 - MAI - 26,orfao,"Presente no Drive, ausente em JORNAIS_FINAL"
NJUD_1881_26-05-2026.mp3,05 - MAI - 26,orfao,"Presente no Drive, ausente em JORNAIS_FINAL"
NJUD_1882_27-05-2026.mp3,05 - MAI - 26,orfao,"Presente no Drive, ausente em JORNAIS_FINAL"
NJUD_1883_28-05-2026.mp3,05 - MAI - 26,orfao,"Presente no Drive, ausente em JORNAIS_FINAL"
NJUD_1884_29-05-2026.mp3,05 - MAI - 26,orfao,"Presente no Drive, ausente em JORNAIS_FINAL"
NJUD_1877_20-05-2026.mp3,05 - MAI - 26,orfao,"Presente no Drive, ausente em JORNAIS_FINAL"
NJUD_1901_25-06-2026.mp3,05 - MAI - 26,orfao,"Presente no Drive, ausente em JORNAIS_FINAL"
NJUD_1902_26-06-2026.mp3,05 - MAI - 26,orfao,"Presente no Drive, ausente em JORNAIS_FINAL"
NJUD_1903_30-06-2026.mp3,05 - MAI - 26,orfao,"Presente no Drive, ausente em JORNAIS_FINAL"
NJUD_1904_01-07-2026.mp3,05 - MAI - 26,orfao,"Presente no Drive, ausente em JORNAIS_FINAL"
NJUD_1905_01-07-2026.mp3,05 - MAI - 26,orfao,"Presente no Drive, ausente em JORNAIS_FINAL"
NJUD_2001_11-05-2026.mp3,05 - MAI - 26,orfao,"Presente no Drive, ausente em JORNAIS_FINAL"
NJUD_2002_12-05-2026.mp3,05 - MAI - 26,orfao,"Presente no Drive, ausente em JORNAIS_FINAL"
NJUD_2003_13-05-2026.mp3,05 - MAI - 26,orfao,"Presente no Drive, ausente em JORNAIS_FINAL"
NJUD_2004_14-05-2026.mp3,05 - MAI - 26,orfao,"Presente no Drive, ausente em JORNAIS_FINAL"
NJUD_2005_15-05-2026.mp3,05 - MAI - 26,orfao,"Presente no Drive, ausente em JORNAIS_FINAL"
NJUD_2101_18-05-2026.mp3,05 - MAI - 26,orfao,"Presente no Drive, ausente em JORNAIS_FINAL"
NJUD_2102_19-05-2026.mp3,05 - MAI - 26,orfao,"Presente no Drive, ausente em JORNAIS_FINAL"
NJUD_2103_20-05-2026.mp3,05 - MAI - 26,orfao,"Presente no Drive, ausente em JORNAIS_FINAL"
NJUD_2104_21-05-2026.mp3,05 - MAI - 26,orfao,"Presente no Drive, ausente em JORNAIS_FINAL"
NJUD_2105_22-05-2026.mp3,05 - MAI - 26,orfao,"Presente no Drive, ausente em JORNAIS_FINAL"
NJUD_2201_25-05-2026.mp3,05 - MAI - 26,orfao,"Presente no Drive, ausente em JORNAIS_FINAL"
NJUD_2202_26-05-2026.mp3,05 - MAI - 26,orfao,"Presente no Drive, ausente em JORNAIS_FINAL"
NJUD_2203_27-05-2026.mp3,05 - MAI - 26,orfao,"Presente no Drive, ausente em JORNAIS_FINAL"
NJUD_2204_28-05-2026.mp3,05 - MAI - 26,orfao,"Presente no Drive, ausente em JORNAIS_FINAL"
NJUD_2205_29-05-2026.mp3,05 - MAI - 26,orfao,"Presente no Drive, ausente em JORNAIS_FINAL"
NJUD_1909_07-07-2026.mp3,05 - MAI - 26,orfao,"Presente no Drive, ausente em JORNAIS_FINAL"
NJUD_1914_14-07-2026.mp3,05 - MAI - 26,orfao,"Presente no Drive, ausente em JORNAIS_FINAL"
NJUD_1916_17-07-2026.mp3,05 - MAI - 26,orfao,"Presente no Drive, ausente em JORNAIS_FINAL"
NJUD_1919_22-07-2026.mp3,05 - MAI - 26,orfao,"Presente no Drive, ausente em JORNAIS_FINAL"
NJUD_1921_24-07-2026.mp3,05 - MAI - 26,orfao,"Presente no Drive, ausente em JORNAIS_FINAL"
NJUD_2605_26-06-2026.mp3,06 - JUN - 26,orfao,"Presente no Drive, ausente em JORNAIS_FINAL"
NJUD_1888_08-06-2026.mp3,06 - JUN - 26,orfao,"Presente no Drive, ausente em JORNAIS_FINAL"
NJUD_1894_16-06-2026.mp3,06 - JUN - 26,orfao,"Presente no Drive, ausente em JORNAIS_FINAL"
NJUD_2301_01-06-2026.mp3,06 - JUN - 26,orfao,"Presente no Drive, ausente em JORNAIS_FINAL"
NJUD_2302_02-06-2026.mp3,06 - JUN - 26,orfao,"Presente no Drive, ausente em JORNAIS_FINAL"
NJUD_2303_03-06-2026.mp3,06 - JUN - 26,orfao,"Presente no Drive, ausente em JORNAIS_FINAL"
NJUD_2401_08-06-2026.mp3,06 - JUN - 26,orfao,"Presente no Drive, ausente em JORNAIS_FINAL"
NJUD_2402_09-06-2026.mp3,06 - JUN - 26,orfao,"Presente no Drive, ausente em JORNAIS_FINAL"
NJUD_2403_10-06-2026.mp3,06 - JUN - 26,orfao,"Presente no Drive, ausente em JORNAIS_FINAL"
NJUD_2404_11-06-2026.mp3,06 - JUN - 26,orfao,"Presente no Drive, ausente em JORNAIS_FINAL"
NJUD_2405_12-06-2026.mp3,06 - JUN - 26,orfao,"Presente no Drive, ausente em JORNAIS_FINAL"
NJUD_2501_15-06-2026.mp3,06 - JUN - 26,orfao,"Presente no Drive, ausente em JORNAIS_FINAL"
NJUD_2502_16-06-2026.mp3,06 - JUN - 26,orfao,"Presente no Drive, ausente em JORNAIS_FINAL"
NJUD_2503_17-06-2026.mp3,06 - JUN - 26,orfao,"Presente no Drive, ausente em JORNAIS_FINAL"
NJUD_2504_18-06-2026.mp3,06 - JUN - 26,orfao,"Presente no Drive, ausente em JORNAIS_FINAL"
NJUD_1890_10-05-2026.mp3,06 - JUN - 26,orfao,"Presente no Drive, ausente em JORNAIS_FINAL"
NJUD_1891_11-05-2026.mp3,06 - JUN - 26,orfao,"Presente no Drive, ausente em JORNAIS_FINAL"
NJUD_1895_17-06-2026.mp3,06 - JUN - 26,orfao,"Presente no Drive, ausente em JORNAIS_FINAL"
NJUD_1898_22-06-2026.mp3,06 - JUN - 26,orfao,"Presente no Drive, ausente em JORNAIS_FINAL"
NJUD_1889_09-05-2026.mp3,06 - JUN - 26,orfao,"Presente no Drive, ausente em JORNAIS_FINAL"
NJUD_1896_18-06-2026.mp3,06 - JUN - 26,orfao,"Presente no Drive, ausente em JORNAIS_FINAL"
NJUD_1897_19-06-2026.mp3,06 - JUN - 26,orfao,"Presente no Drive, ausente em JORNAIS_FINAL"
NJUD_1893_15-06-2026.mp3,06 - JUN - 26,orfao,"Presente no Drive, ausente em JORNAIS_FINAL"
NJUD_1892_12-06-2026.mp3,06 - JUN - 26,orfao,"Presente no Drive, ausente em JORNAIS_FINAL"
NJUD_1899_23-06-2026.mp3,06 - JUN - 26,orfao,"Presente no Drive, ausente em JORNAIS_FINAL"
NJUD_1889_09-05-2026.mp3,06 - JUN - 26\_extra,orfao,"Presente no Drive, ausente em JORNAIS_FINAL"
NJUD_1897_10-06-2026.mp3,06 - JUN - 26\_extra,orfao,"Presente no Drive, ausente em JORNAIS_FINAL"
NJUD_3007_27-07-2026.mp3,07 - JUL - 26,orfao,"Presente no Drive, ausente em JORNAIS_FINAL"
NJUD_1901_25-06-2026.mp3,07 - JUL - 26,orfao,"Presente no Drive, ausente em JORNAIS_FINAL"
NJUD_1900_24-06-2026.mp3,07 - JUL - 26,orfao,"Presente no Drive, ausente em JORNAIS_FINAL"
NJUD_1945_28-08-2026.mp3,08 - AGO - 26,orfao,"Presente no Drive, ausente em JORNAIS_FINAL"
NJUD_1944_27-08-2026.mp3,08 - AGO - 26,orfao,"Presente no Drive, ausente em JORNAIS_FINAL"
NJUD_4804_24-08-2026.mp3,08 - AGO - 26,orfao,"Presente no Drive, ausente em JORNAIS_FINAL"
NJUD_5206_25-08-2026.mp3,08 - AGO - 26,orfao,"Presente no Drive, ausente em JORNAIS_FINAL"
