LINHA,CAMINHO,PROGRAMA,NUMERO_EXTRAIDO
2,H:\Meu Drive\RADIO TJRN CONTEÚDO\00_PRODUCAO_2026\02_JORNAIS_NJUD\03_AUDIOS_RADIO\01 - 01 - 26\NJUD_1794_01-01-2026.mp3,NJUD_1794,1794
3,H:\Meu Drive\RADIO TJRN CONTEÚDO\00_PRODUCAO_2026\02_JORNAIS_NJUD\03_AUDIOS_RADIO\01 - 01 - 26\NJUD_1797_02-01-2026.mp3,NJUD_1797,1797
4,H:\Meu Drive\RADIO TJRN CONTEÚDO\00_PRODUCAO_2026\02_JORNAIS_NJUD\03_AUDIOS_RADIO\01 - 01 - 26\NJUD_1804_05-01-2026.mp3,NJUD_1804,1804
5,H:\Meu Drive\RADIO TJRN CONTEÚDO\00_PRODUCAO_2026\02_JORNAIS_NJUD\03_AUDIOS_RADIO\01 - 01 - 26\NJUD_1812_06-01-2026.mp3,NJUD_1812,1812
8,H:\Meu Drive\RADIO TJRN CONTEÚDO\00_PRODUCAO_2026\02_JORNAIS_NJUD\03_AUDIOS_RADIO\01 - 01 - 26\NJUD_1793_07-01-2026.mp3,NJUD_1793,1793
10,H:\Meu Drive\RADIO TJRN CONTEÚDO\00_PRODUCAO_2026\02_JORNAIS_NJUD\03_AUDIOS_RADIO\01 - 01 - 26\NJUD_1794_08-01-2026.mp3,NJUD_1794,1794
11,H:\Meu Drive\RADIO TJRN CONTEÚDO\00_PRODUCAO_2026\02_JORNAIS_NJUD\03_AUDIOS_RADIO\01 - 01 - 26\NJUD_1795_08-01-2026.mp3,NJUD_1795,1795
12,H:\Meu Drive\RADIO TJRN CONTEÚDO\00_PRODUCAO_2026\02_JORNAIS_NJUD\03_AUDIOS_RADIO\01 - 01 - 26\NJUD_1796_08-01-2026.mp3,NJUD_1796,1796
14,H:\Meu Drive\RADIO TJRN CONTEÚDO\00_PRODUCAO_2026\02_JORNAIS_NJUD\03_AUDIOS_RADIO\01 - 01 - 26\NJUD_1797_09-01-2026.mp3,NJUD_1797,1797
15,H:\Meu Drive\RADIO TJRN CONTEÚDO\00_PRODUCAO_2026\02_JORNAIS_NJUD\03_AUDIOS_RADIO\01 - 01 - 26\NJUD_1798_09-01-2026.mp3,NJUD_1798,1798
16,H:\Meu Drive\RADIO TJRN CONTEÚDO\00_PRODUCAO_2026\02_JORNAIS_NJUD\03_AUDIOS_RADIO\01 - 01 - 26\NJUD_1799_09-01-2026.mp3,NJUD_1799,1799
18,H:\Meu Drive\RADIO TJRN CONTEÚDO\00_PRODUCAO_2026\02_JORNAIS_NJUD\03_AUDIOS_RADIO\01 - 01 - 26\NJUD_1800_12-01-2026.mp3,NJUD_1800,1800
19,H:\Meu Drive\RADIO TJRN CONTEÚDO\00_PRODUCAO_2026\02_JORNAIS_NJUD\03_AUDIOS_RADIO\01 - 01 - 26\NJUD_1801_12-01-2026.mp3,NJUD_1801,1801
20,H:\Meu Drive\RADIO TJRN CONTEÚDO\00_PRODUCAO_2026\02_JORNAIS_NJUD\03_AUDIOS_RADIO\01 - 01 - 26\NJUD_1802_13-01-2026.mp3,NJUD_1802,1802
21,H:\Meu Drive\RADIO TJRN CONTEÚDO\00_PRODUCAO_2026\02_JORNAIS_NJUD\03_AUDIOS_RADIO\01 - 01 - 26\NJUD_1803_13-01-2026.mp3,NJUD_1803,1803
23,H:\Meu Drive\RADIO TJRN CONTEÚDO\00_PRODUCAO_2026\02_JORNAIS_NJUD\03_AUDIOS_RADIO\01 - 01 - 26\NJUD_1804_14-01-2026.mp3,NJUD_1804,1804
24,H:\Meu Drive\RADIO TJRN CONTEÚDO\00_PRODUCAO_2026\02_JORNAIS_NJUD\03_AUDIOS_RADIO\01 - 01 - 26\NJUD_1805_14-01-2026.mp3,NJUD_1805,1805
25,H:\Meu Drive\RADIO TJRN CONTEÚDO\00_PRODUCAO_2026\02_JORNAIS_NJUD\03_AUDIOS_RADIO\01 - 01 - 26\NJUD_1806_14-01-2026.mp3,NJUD_1806,1806
27,H:\Meu Drive\RADIO TJRN CONTEÚDO\00_PRODUCAO_2026\02_JORNAIS_NJUD\03_AUDIOS_RADIO\01 - 01 - 26\NJUD_1807_15-01-2026.mp3,NJUD_1807,1807
28,H:\Meu Drive\RADIO TJRN CONTEÚDO\00_PRODUCAO_2026\02_JORNAIS_NJUD\03_AUDIOS_RADIO\01 - 01 - 26\NJUD_1808_15-01-2026.mp3,NJUD_1808,1808
30,H:\Meu Drive\RADIO TJRN CONTEÚDO\00_PRODUCAO_2026\02_JORNAIS_NJUD\03_AUDIOS_RADIO\01 - 01 - 26\NJUD_1809_16-01-2026.mp3,NJUD_1809,1809
34,H:\Meu Drive\RADIO TJRN CONTEÚDO\00_PRODUCAO_2026\02_JORNAIS_NJUD\03_AUDIOS_RADIO\01 - 01 - 26\NJUD_1795_20-01-2026.mp3,NJUD_1795,1795
36,H:\Meu Drive\RADIO TJRN CONTEÚDO\00_PRODUCAO_2026\02_JORNAIS_NJUD\03_AUDIOS_RADIO\01 - 01 - 26\NJUD_1798_21-01-2026.mp3,NJUD_1798,1798
38,H:\Meu Drive\RADIO TJRN CONTEÚDO\00_PRODUCAO_2026\02_JORNAIS_NJUD\03_AUDIOS_RADIO\01 - 01 - 26\NJUD_1800_22-01-2026.mp3,NJUD_1800,1800
39,H:\Meu Drive\RADIO TJRN CONTEÚDO\00_PRODUCAO_2026\02_JORNAIS_NJUD\03_AUDIOS_RADIO\01 - 01 - 26\NJUD_1802_23-01-2026.mp3,NJUD_1802,1802
41,H:\Meu Drive\RADIO TJRN CONTEÚDO\00_PRODUCAO_2026\02_JORNAIS_NJUD\03_AUDIOS_RADIO\01 - 01 - 26\NJUD_1805_26-01-2026.mp3,NJUD_1805,1805
43,H:\Meu Drive\RADIO TJRN CONTEÚDO\00_PRODUCAO_2026\02_JORNAIS_NJUD\03_AUDIOS_RADIO\01 - 01 - 26\NJUD_1807_27-01-2026.mp3,NJUD_1807,1807
45,H:\Meu Drive\RADIO TJRN CONTEÚDO\00_PRODUCAO_2026\02_JORNAIS_NJUD\03_AUDIOS_RADIO\01 - 01 - 26\NJUD_1822_28-01-2026.mp3,NJUD_1822,1822
47,H:\Meu Drive\RADIO TJRN CONTEÚDO\00_PRODUCAO_2026\02_JORNAIS_NJUD\03_AUDIOS_RADIO\01 - 01 - 26\NJUD_1829_29-01-2026.mp3,NJUD_1829,1829
48,H:\Meu Drive\RADIO TJRN CONTEÚDO\00_PRODUCAO_2026\02_JORNAIS_NJUD\03_AUDIOS_RADIO\01 - 01 - 26\NJUD_1836_30-01-2026.mp3,NJUD_1836,1836
50,H:\Meu Drive\RADIO TJRN CONTEÚDO\00_PRODUCAO_2026\02_JORNAIS_NJUD\03_AUDIOS_RADIO\02 - 02 - 26\NJUD_1811_02-02-2026.mp3,NJUD_1811,1811
52,H:\Meu Drive\RADIO TJRN CONTEÚDO\00_PRODUCAO_2026\02_JORNAIS_NJUD\03_AUDIOS_RADIO\02 - 02 - 26\NJUD_1812_03-02-2026.mp3,NJUD_1812,1812
53,H:\Meu Drive\RADIO TJRN CONTEÚDO\00_PRODUCAO_2026\02_JORNAIS_NJUD\03_AUDIOS_RADIO\02 - 02 - 26\NJUD_1813_03-02-2026.mp3,NJUD_1813,1813
54,H:\Meu Drive\RADIO TJRN CONTEÚDO\00_PRODUCAO_2026\02_JORNAIS_NJUD\03_AUDIOS_RADIO\02 - 02 - 26\NJUD_1814_03-02-2026.mp3,NJUD_1814,1814
56,H:\Meu Drive\RADIO TJRN CONTEÚDO\00_PRODUCAO_2026\02_JORNAIS_NJUD\03_AUDIOS_RADIO\02 - 02 - 26\NJUD_1815_04-02-2026.mp3,NJUD_1815,1815
57,H:\Meu Drive\RADIO TJRN CONTEÚDO\00_PRODUCAO_2026\02_JORNAIS_NJUD\03_AUDIOS_RADIO\02 - 02 - 26\NJUD_1816_04-02-2026.mp3,NJUD_1816,1816
59,H:\Meu Drive\RADIO TJRN CONTEÚDO\00_PRODUCAO_2026\02_JORNAIS_NJUD\03_AUDIOS_RADIO\02 - 02 - 26\NJUD_1818_05-02-2026.mp3,NJUD_1818,1818
60,H:\Meu Drive\RADIO TJRN CONTEÚDO\00_PRODUCAO_2026\02_JORNAIS_NJUD\03_AUDIOS_RADIO\02 - 02 - 26\NJUD_1819_05-02-2026.mp3,NJUD_1819,1819
62,H:\Meu Drive\RADIO TJRN CONTEÚDO\00_PRODUCAO_2026\02_JORNAIS_NJUD\03_AUDIOS_RADIO\02 - 02 - 26\NJUD_1820_06-02-2026.mp3,NJUD_1820,1820
63,H:\Meu Drive\RADIO TJRN CONTEÚDO\00_PRODUCAO_2026\02_JORNAIS_NJUD\03_AUDIOS_RADIO\02 - 02 - 26\NJUD_1821_06-02-2026.mp3,NJUD_1821,1821
65,H:\Meu Drive\RADIO TJRN CONTEÚDO\00_PRODUCAO_2026\02_JORNAIS_NJUD\03_AUDIOS_RADIO\02 - 02 - 26\NJUD_1822_09-02-2026.mp3,NJUD_1822,1822
66,H:\Meu Drive\RADIO TJRN CONTEÚDO\00_PRODUCAO_2026\02_JORNAIS_NJUD\03_AUDIOS_RADIO\02 - 02 - 26\NJUD_1823_09-02-2026.mp3,NJUD_1823,1823
67,H:\Meu Drive\RADIO TJRN CONTEÚDO\00_PRODUCAO_2026\02_JORNAIS_NJUD\03_AUDIOS_RADIO\02 - 02 - 26\NJUD_1824_09-02-2026.mp3,NJUD_1824,1824
69,H:\Meu Drive\RADIO TJRN CONTEÚDO\00_PRODUCAO_2026\02_JORNAIS_NJUD\03_AUDIOS_RADIO\02 - 02 - 26\NJUD_1825_10-02-2026.mp3,NJUD_1825,1825
70,H:\Meu Drive\RADIO TJRN CONTEÚDO\00_PRODUCAO_2026\02_JORNAIS_NJUD\03_AUDIOS_RADIO\02 - 02 - 26\NJUD_1826_10-02-2026.mp3,NJUD_1826,1826
72,H:\Meu Drive\RADIO TJRN CONTEÚDO\00_PRODUCAO_2026\02_JORNAIS_NJUD\03_AUDIOS_RADIO\02 - 02 - 26\NJUD_1813_11-02-2026.mp3,NJUD_1813,1813
74,H:\Meu Drive\RADIO TJRN CONTEÚDO\00_PRODUCAO_2026\02_JORNAIS_NJUD\03_AUDIOS_RADIO\02 - 02 - 26\NJUD_1815_12-02-2026.mp3,NJUD_1815,1815
77,H:\Meu Drive\RADIO TJRN CONTEÚDO\00_PRODUCAO_2026\02_JORNAIS_NJUD\03_AUDIOS_RADIO\02 - 02 - 26\NJUD_1820_16-02-2026.mp3,NJUD_1820,1820
78,H:\Meu Drive\RADIO TJRN CONTEÚDO\00_PRODUCAO_2026\02_JORNAIS_NJUD\03_AUDIOS_RADIO\02 - 02 - 26\NJUD_1823_17-02-2026.mp3,NJUD_1823,1823
79,H:\Meu Drive\RADIO TJRN CONTEÚDO\00_PRODUCAO_2026\02_JORNAIS_NJUD\03_AUDIOS_RADIO\02 - 02 - 26\NJUD_1825_18-02-2026.mp3,NJUD_1825,1825
81,H:\Meu Drive\RADIO TJRN CONTEÚDO\00_PRODUCAO_2026\02_JORNAIS_NJUD\03_AUDIOS_RADIO\02 - 02 - 26\NJUD_1841_19-02-2026.mp3,NJUD_1841,1841
83,H:\Meu Drive\RADIO TJRN CONTEÚDO\00_PRODUCAO_2026\02_JORNAIS_NJUD\03_AUDIOS_RADIO\02 - 02 - 26\NJUD_1846_20-02-2026.mp3,NJUD_1846,1846
85,H:\Meu Drive\RADIO TJRN CONTEÚDO\00_PRODUCAO_2026\02_JORNAIS_NJUD\03_AUDIOS_RADIO\02 - 02 - 26\NJUD_1903_23-02-2026.mp3,NJUD_1903,1903
87,H:\Meu Drive\RADIO TJRN CONTEÚDO\00_PRODUCAO_2026\02_JORNAIS_NJUD\03_AUDIOS_RADIO\02 - 02 - 26\NJUD_1908_24-02-2026.mp3,NJUD_1908,1908
88,H:\Meu Drive\RADIO TJRN CONTEÚDO\00_PRODUCAO_2026\02_JORNAIS_NJUD\03_AUDIOS_RADIO\02 - 02 - 26\NJUD_1913_25-02-2026.mp3,NJUD_1913,1913
90,H:\Meu Drive\RADIO TJRN CONTEÚDO\00_PRODUCAO_2026\02_JORNAIS_NJUD\03_AUDIOS_RADIO\02 - 02 - 26\NJUD_1918_26-02-2026.mp3,NJUD_1918,1918
92,H:\Meu Drive\RADIO TJRN CONTEÚDO\00_PRODUCAO_2026\02_JORNAIS_NJUD\03_AUDIOS_RADIO\02 - 02 - 26\NJUD_1896_27-02-2026.mp3,NJUD_1896,1896
94,H:\Meu Drive\RADIO TJRN CONTEÚDO\00_PRODUCAO_2026\02_JORNAIS_NJUD\03_AUDIOS_RADIO\03 - 03 - 26\NJUD_1827_02-03-2026.mp3,NJUD_1827,1827
95,H:\Meu Drive\RADIO TJRN CONTEÚDO\00_PRODUCAO_2026\02_JORNAIS_NJUD\03_AUDIOS_RADIO\03 - 03 - 26\NJUD_1828_02-03-2026.mp3,NJUD_1828,1828
97,H:\Meu Drive\RADIO TJRN CONTEÚDO\00_PRODUCAO_2026\02_JORNAIS_NJUD\03_AUDIOS_RADIO\03 - 03 - 26\NJUD_1829_03-03-2026.mp3,NJUD_1829,1829
98,H:\Meu Drive\RADIO TJRN CONTEÚDO\00_PRODUCAO_2026\02_JORNAIS_NJUD\03_AUDIOS_RADIO\03 - 03 - 26\NJUD_1830_03-03-2026.mp3,NJUD_1830,1830
99,H:\Meu Drive\RADIO TJRN CONTEÚDO\00_PRODUCAO_2026\02_JORNAIS_NJUD\03_AUDIOS_RADIO\03 - 03 - 26\NJUD_1831_03-03-2026.mp3,NJUD_1831,1831
101,H:\Meu Drive\RADIO TJRN CONTEÚDO\00_PRODUCAO_2026\02_JORNAIS_NJUD\03_AUDIOS_RADIO\03 - 03 - 26\NJUD_1832_04-03-2026.mp3,NJUD_1832,1832
102,H:\Meu Drive\RADIO TJRN CONTEÚDO\00_PRODUCAO_2026\02_JORNAIS_NJUD\03_AUDIOS_RADIO\03 - 03 - 26\NJUD_1833_04-03-2026.mp3,NJUD_1833,1833
104,H:\Meu Drive\RADIO TJRN CONTEÚDO\00_PRODUCAO_2026\02_JORNAIS_NJUD\03_AUDIOS_RADIO\03 - 03 - 26\NJUD_1834_05-03-2026.mp3,NJUD_1834,1834
105,H:\Meu Drive\RADIO TJRN CONTEÚDO\00_PRODUCAO_2026\02_JORNAIS_NJUD\03_AUDIOS_RADIO\03 - 03 - 26\NJUD_1835_05-03-2026.mp3,NJUD_1835,1835
107,H:\Meu Drive\RADIO TJRN CONTEÚDO\00_PRODUCAO_2026\02_JORNAIS_NJUD\03_AUDIOS_RADIO\03 - 03 - 26\NJUD_1836_06-03-2026.mp3,NJUD_1836,1836
108,H:\Meu Drive\RADIO TJRN CONTEÚDO\00_PRODUCAO_2026\02_JORNAIS_NJUD\03_AUDIOS_RADIO\03 - 03 - 26\NJUD_1837_06-03-2026.mp3,NJUD_1837,1837
109,H:\Meu Drive\RADIO TJRN CONTEÚDO\00_PRODUCAO_2026\02_JORNAIS_NJUD\03_AUDIOS_RADIO\03 - 03 - 26\NJUD_1838_06-03-2026.mp3,NJUD_1838,1838
111,H:\Meu Drive\RADIO TJRN CONTEÚDO\00_PRODUCAO_2026\02_JORNAIS_NJUD\03_AUDIOS_RADIO\03 - 03 - 26\NJUD_1839_09-03-2026.mp3,NJUD_1839,1839
112,H:\Meu Drive\RADIO TJRN CONTEÚDO\00_PRODUCAO_2026\02_JORNAIS_NJUD\03_AUDIOS_RADIO\03 - 03 - 26\NJUD_1840_09-03-2026.mp3,NJUD_1840,1840
114,H:\Meu Drive\RADIO TJRN CONTEÚDO\00_PRODUCAO_2026\02_JORNAIS_NJUD\03_AUDIOS_RADIO\03 - 03 - 26\NJUD_1841_10-03-2026.mp3,NJUD_1841,1841
115,H:\Meu Drive\RADIO TJRN CONTEÚDO\00_PRODUCAO_2026\02_JORNAIS_NJUD\03_AUDIOS_RADIO\03 - 03 - 26\NJUD_1842_10-03-2026.mp3,NJUD_1842,1842
116,H:\Meu Drive\RADIO TJRN CONTEÚDO\00_PRODUCAO_2026\02_JORNAIS_NJUD\03_AUDIOS_RADIO\03 - 03 - 26\NJUD_1843_10-03-2026.mp3,NJUD_1843,1843
118,H:\Meu Drive\RADIO TJRN CONTEÚDO\00_PRODUCAO_2026\02_JORNAIS_NJUD\03_AUDIOS_RADIO\03 - 03 - 26\NJUD_1844_11-03-2026.mp3,NJUD_1844,1844
119,H:\Meu Drive\RADIO TJRN CONTEÚDO\00_PRODUCAO_2026\02_JORNAIS_NJUD\03_AUDIOS_RADIO\03 - 03 - 26\NJUD_1845_11-03-2026.mp3,NJUD_1845,1845
121,H:\Meu Drive\RADIO TJRN CONTEÚDO\00_PRODUCAO_2026\02_JORNAIS_NJUD\03_AUDIOS_RADIO\03 - 03 - 26\NJUD_1846_12-03-2026.mp3,NJUD_1846,1846
122,H:\Meu Drive\RADIO TJRN CONTEÚDO\00_PRODUCAO_2026\02_JORNAIS_NJUD\03_AUDIOS_RADIO\03 - 03 - 26\NJUD_1847_12-03-2026.mp3,NJUD_1847,1847
123,H:\Meu Drive\RADIO TJRN CONTEÚDO\00_PRODUCAO_2026\02_JORNAIS_NJUD\03_AUDIOS_RADIO\03 - 03 - 26\NJUD_1848_12-03-2026.mp3,NJUD_1848,1848
125,H:\Meu Drive\RADIO TJRN CONTEÚDO\00_PRODUCAO_2026\02_JORNAIS_NJUD\03_AUDIOS_RADIO\03 - 03 - 26\NJUD_1827_13-03-2026.mp3,NJUD_1827,1827
127,H:\Meu Drive\RADIO TJRN CONTEÚDO\00_PRODUCAO_2026\02_JORNAIS_NJUD\03_AUDIOS_RADIO\03 - 03 - 26\NJUD_1830_16-03-2026.mp3,NJUD_1830,1830
129,H:\Meu Drive\RADIO TJRN CONTEÚDO\00_PRODUCAO_2026\02_JORNAIS_NJUD\03_AUDIOS_RADIO\03 - 03 - 26\NJUD_1832_17-03-2026.mp3,NJUD_1832,1832
131,H:\Meu Drive\RADIO TJRN CONTEÚDO\00_PRODUCAO_2026\02_JORNAIS_NJUD\03_AUDIOS_RADIO\03 - 03 - 26\NJUD_1834_18-03-2026.mp3,NJUD_1834,1834
133,H:\Meu Drive\RADIO TJRN CONTEÚDO\00_PRODUCAO_2026\02_JORNAIS_NJUD\03_AUDIOS_RADIO\03 - 03 - 26\NJUD_1837_19-03-2026.mp3,NJUD_1837,1837
135,H:\Meu Drive\RADIO TJRN CONTEÚDO\00_PRODUCAO_2026\02_JORNAIS_NJUD\03_AUDIOS_RADIO\03 - 03 - 26\NJUD_1839_20-03-2026.mp3,NJUD_1839,1839
137,H:\Meu Drive\RADIO TJRN CONTEÚDO\00_PRODUCAO_2026\02_JORNAIS_NJUD\03_AUDIOS_RADIO\03 - 03 - 26\NJUD_1842_23-03-2026.mp3,NJUD_1842,1842
139,H:\Meu Drive\RADIO TJRN CONTEÚDO\00_PRODUCAO_2026\02_JORNAIS_NJUD\03_AUDIOS_RADIO\03 - 03 - 26\NJUD_1844_24-03-2026.mp3,NJUD_1844,1844
140,H:\Meu Drive\RADIO TJRN CONTEÚDO\00_PRODUCAO_2026\02_JORNAIS_NJUD\03_AUDIOS_RADIO\03 - 03 - 26\NJUD_1847_25-03-2026.mp3,NJUD_1847,1847
153,H:\Meu Drive\RADIO TJRN CONTEÚDO\00_PRODUCAO_2026\02_JORNAIS_NJUD\03_AUDIOS_RADIO\04 - ABR - 26\NJUD_1927_15-04-2026.mp3,NJUD_1927,1927
155,H:\Meu Drive\RADIO TJRN CONTEÚDO\00_PRODUCAO_2026\02_JORNAIS_NJUD\03_AUDIOS_RADIO\04 - 04 - 26\NJUD_1902_16-04-2026.mp3,NJUD_1902,1902
157,H:\Meu Drive\RADIO TJRN CONTEÚDO\00_PRODUCAO_2026\02_JORNAIS_NJUD\03_AUDIOS_RADIO\04 - 04 - 26\NJUD_1903_17-04-2026.mp3,NJUD_1903,1903
158,H:\Meu Drive\RADIO TJRN CONTEÚDO\00_PRODUCAO_2026\02_JORNAIS_NJUD\03_AUDIOS_RADIO\04 - 04 - 26\NJUD_1904_17-04-2026.mp3,NJUD_1904,1904
159,H:\Meu Drive\RADIO TJRN CONTEÚDO\00_PRODUCAO_2026\02_JORNAIS_NJUD\03_AUDIOS_RADIO\04 - 04 - 26\NJUD_1905_17-04-2026.mp3,NJUD_1905,1905
160,H:\Meu Drive\RADIO TJRN CONTEÚDO\00_PRODUCAO_2026\02_JORNAIS_NJUD\03_AUDIOS_RADIO\04 - 04 - 26\NJUD_1904_20-04-2026.mp3,NJUD_1904,1904
162,H:\Meu Drive\RADIO TJRN CONTEÚDO\00_PRODUCAO_2026\02_JORNAIS_NJUD\03_AUDIOS_RADIO\04 - 04 - 26\NJUD_1906_22-04-2026.mp3,NJUD_1906,1906
163,H:\Meu Drive\RADIO TJRN CONTEÚDO\00_PRODUCAO_2026\02_JORNAIS_NJUD\03_AUDIOS_RADIO\04 - 04 - 26\NJUD_1907_22-04-2026.mp3,NJUD_1907,1907
165,H:\Meu Drive\RADIO TJRN CONTEÚDO\00_PRODUCAO_2026\02_JORNAIS_NJUD\03_AUDIOS_RADIO\04 - 04 - 26\NJUD_1908_23-04-2026.mp3,NJUD_1908,1908
166,H:\Meu Drive\RADIO TJRN CONTEÚDO\00_PRODUCAO_2026\02_JORNAIS_NJUD\03_AUDIOS_RADIO\04 - 04 - 26\NJUD_1909_23-04-2026.mp3,NJUD_1909,1909
167,H:\Meu Drive\RADIO TJRN CONTEÚDO\00_PRODUCAO_2026\02_JORNAIS_NJUD\03_AUDIOS_RADIO\04 - 04 - 26\NJUD_1910_23-04-2026.mp3,NJUD_1910,1910
169,H:\Meu Drive\RADIO TJRN CONTEÚDO\00_PRODUCAO_2026\02_JORNAIS_NJUD\03_AUDIOS_RADIO\04 - 04 - 26\NJUD_1911_24-04-2026.mp3,NJUD_1911,1911
170,H:\Meu Drive\RADIO TJRN CONTEÚDO\00_PRODUCAO_2026\02_JORNAIS_NJUD\03_AUDIOS_RADIO\04 - 04 - 26\NJUD_1912_24-04-2026.mp3,NJUD_1912,1912
172,H:\Meu Drive\RADIO TJRN CONTEÚDO\00_PRODUCAO_2026\02_JORNAIS_NJUD\03_AUDIOS_RADIO\04 - 04 - 26\NJUD_1913_26-04-2026.mp3,NJUD_1913,1913
173,H:\Meu Drive\RADIO TJRN CONTEÚDO\00_PRODUCAO_2026\02_JORNAIS_NJUD\03_AUDIOS_RADIO\04 - 04 - 26\NJUD_1914_26-04-2026.mp3,NJUD_1914,1914
174,H:\Meu Drive\RADIO TJRN CONTEÚDO\00_PRODUCAO_2026\02_JORNAIS_NJUD\03_AUDIOS_RADIO\04 - 04 - 26\NJUD_1915_26-04-2026.mp3,NJUD_1915,1915
175,H:\Meu Drive\RADIO TJRN CONTEÚDO\00_PRODUCAO_2026\02_JORNAIS_NJUD\03_AUDIOS_RADIO\04 - ABR - 26\NJUD_1801_27-04-2026.mp3,NJUD_1801,1801
176,H:\Meu Drive\RADIO TJRN CONTEÚDO\00_PRODUCAO_2026\02_JORNAIS_NJUD\03_AUDIOS_RADIO\04 - 04 - 26\NJUD_1916_27-04-2026.mp3,NJUD_1916,1916
177,H:\Meu Drive\RADIO TJRN CONTEÚDO\00_PRODUCAO_2026\02_JORNAIS_NJUD\03_AUDIOS_RADIO\04 - 04 - 26\NJUD_1917_27-04-2026.mp3,NJUD_1917,1917
178,H:\Meu Drive\RADIO TJRN CONTEÚDO\00_PRODUCAO_2026\02_JORNAIS_NJUD\03_AUDIOS_RADIO\04 - ABR - 26\NJUD_1802_28-04-2026.mp3,NJUD_1802,1802
179,H:\Meu Drive\RADIO TJRN CONTEÚDO\00_PRODUCAO_2026\02_JORNAIS_NJUD\03_AUDIOS_RADIO\04 - 04 - 26\NJUD_1918_28-04-2026.mp3,NJUD_1918,1918
180,H:\Meu Drive\RADIO TJRN CONTEÚDO\00_PRODUCAO_2026\02_JORNAIS_NJUD\03_AUDIOS_RADIO\04 - 04 - 26\NJUD_1919_28-04-2026.mp3,NJUD_1919,1919
181,H:\Meu Drive\RADIO TJRN CONTEÚDO\00_PRODUCAO_2026\02_JORNAIS_NJUD\03_AUDIOS_RADIO\04 - 04 - 26\NJUD_1920_28-04-2026.mp3,NJUD_1920,1920
182,H:\Meu Drive\RADIO TJRN CONTEÚDO\00_PRODUCAO_2026\02_JORNAIS_NJUD\03_AUDIOS_RADIO\04 - ABR - 26\NJUD_1803_29-04-2026.mp3,NJUD_1803,1803
183,H:\Meu Drive\RADIO TJRN CONTEÚDO\00_PRODUCAO_2026\02_JORNAIS_NJUD\03_AUDIOS_RADIO\04 - 04 - 26\NJUD_1921_29-04-2026.mp3,NJUD_1921,1921
184,H:\Meu Drive\RADIO TJRN CONTEÚDO\00_PRODUCAO_2026\02_JORNAIS_NJUD\03_AUDIOS_RADIO\04 - 04 - 26\NJUD_1922_29-04-2026.mp3,NJUD_1922,1922
185,H:\Meu Drive\RADIO TJRN CONTEÚDO\00_PRODUCAO_2026\02_JORNAIS_NJUD\03_AUDIOS_RADIO\04 - ABR - 26\NJUD_1804_30-04-2026.mp3,NJUD_1804,1804
186,H:\Meu Drive\RADIO TJRN CONTEÚDO\00_PRODUCAO_2026\02_JORNAIS_NJUD\03_AUDIOS_RADIO\04 - 04 - 26\NJUD_1906_30-04-2026.mp3,NJUD_1906,1906
187,H:\Meu Drive\RADIO TJRN CONTEÚDO\00_PRODUCAO_2026\02_JORNAIS_NJUD\03_AUDIOS_RADIO\05 - 05 - 26\NJUD_1909_01-05-2026.mp3,NJUD_1909,1909
188,H:\Meu Drive\RADIO TJRN CONTEÚDO\00_PRODUCAO_2026\02_JORNAIS_NJUD\03_AUDIOS_RADIO\05 - MAI - 26\NJUD_1865_04-05-2026.mp3,NJUD_1865,1865
189,H:\Meu Drive\RADIO TJRN CONTEÚDO\00_PRODUCAO_2026\02_JORNAIS_NJUD\03_AUDIOS_RADIO\05 - MAI - 26\NJUD_1901_04-05-2026.mp3,NJUD_1901,1901
190,H:\Meu Drive\RADIO TJRN CONTEÚDO\00_PRODUCAO_2026\02_JORNAIS_NJUD\03_AUDIOS_RADIO\05 - 05 - 26\NJUD_1914_04-05-2026.mp3,NJUD_1914,1914
192,H:\Meu Drive\RADIO TJRN CONTEÚDO\00_PRODUCAO_2026\02_JORNAIS_NJUD\03_AUDIOS_RADIO\05 - MAI - 26\NJUD_1902_05-05-2026.mp3,NJUD_1902,1902
193,H:\Meu Drive\RADIO TJRN CONTEÚDO\00_PRODUCAO_2026\02_JORNAIS_NJUD\03_AUDIOS_RADIO\05 - 05 - 26\NJUD_1916_05-05-2026.mp3,NJUD_1916,1916
195,H:\Meu Drive\RADIO TJRN CONTEÚDO\00_PRODUCAO_2026\02_JORNAIS_NJUD\03_AUDIOS_RADIO\05 - MAI - 26\NJUD_1903_06-05-2026.mp3,NJUD_1903,1903
196,H:\Meu Drive\RADIO TJRN CONTEÚDO\00_PRODUCAO_2026\02_JORNAIS_NJUD\03_AUDIOS_RADIO\05 - 05 - 26\NJUD_1919_06-05-2026.mp3,NJUD_1919,1919
198,H:\Meu Drive\RADIO TJRN CONTEÚDO\00_PRODUCAO_2026\02_JORNAIS_NJUD\03_AUDIOS_RADIO\05 - MAI - 26\NJUD_1904_07-05-2026.mp3,NJUD_1904,1904
199,H:\Meu Drive\RADIO TJRN CONTEÚDO\00_PRODUCAO_2026\02_JORNAIS_NJUD\03_AUDIOS_RADIO\05 - 05 - 26\NJUD_1921_07-05-2026.mp3,NJUD_1921,1921
201,H:\Meu Drive\RADIO TJRN CONTEÚDO\00_PRODUCAO_2026\02_JORNAIS_NJUD\03_AUDIOS_RADIO\05 - MAI - 26\NJUD_1877_08-05-2026.mp3,NJUD_1877,1877
202,H:\Meu Drive\RADIO TJRN CONTEÚDO\00_PRODUCAO_2026\02_JORNAIS_NJUD\03_AUDIOS_RADIO\05 - MAI - 26\NJUD_1905_08-05-2026.mp3,NJUD_1905,1905
233,H:\Meu Drive\RADIO TJRN CONTEÚDO\00_PRODUCAO_2026\02_JORNAIS_NJUD\03_AUDIOS_RADIO\06 - JUN - 26\NJUD_1888_02-06-2026.mp3,NJUD_1888,1888
234,H:\Meu Drive\RADIO TJRN CONTEÚDO\00_PRODUCAO_2026\02_JORNAIS_NJUD\03_AUDIOS_RADIO\06 - 06 - 26\NJUD_1889_02-06-2026.mp3,NJUD_1889,1889
235,H:\Meu Drive\RADIO TJRN CONTEÚDO\00_PRODUCAO_2026\02_JORNAIS_NJUD\03_AUDIOS_RADIO\06 - 06 - 26\NJUD_1890_02-06-2026.mp3,NJUD_1890,1890
237,H:\Meu Drive\RADIO TJRN CONTEÚDO\00_PRODUCAO_2026\02_JORNAIS_NJUD\03_AUDIOS_RADIO\06 - 06 - 26\NJUD_1891_03-06-2026.mp3,NJUD_1891,1891
238,H:\Meu Drive\RADIO TJRN CONTEÚDO\00_PRODUCAO_2026\02_JORNAIS_NJUD\03_AUDIOS_RADIO\06 - 06 - 26\NJUD_1892_03-06-2026.mp3,NJUD_1892,1892
240,H:\Meu Drive\RADIO TJRN CONTEÚDO\00_PRODUCAO_2026\02_JORNAIS_NJUD\03_AUDIOS_RADIO\06 - 06 - 26\NJUD_1889_04-06-2026.mp3,NJUD_1889,1889
241,H:\Meu Drive\RADIO TJRN CONTEÚDO\00_PRODUCAO_2026\02_JORNAIS_NJUD\03_AUDIOS_RADIO\06 - JUN - 26\NJUD_1894_08-06-2026.mp3,NJUD_1894,1894
242,H:\Meu Drive\RADIO TJRN CONTEÚDO\00_PRODUCAO_2026\02_JORNAIS_NJUD\03_AUDIOS_RADIO\06 - 06 - 26\NJUD_1895_08-06-2026.mp3,NJUD_1895,1895
244,H:\Meu Drive\RADIO TJRN CONTEÚDO\00_PRODUCAO_2026\02_JORNAIS_NJUD\03_AUDIOS_RADIO\06 - 06 - 26\NJUD_1896_09-06-2026.mp3,NJUD_1896,1896
245,H:\Meu Drive\RADIO TJRN CONTEÚDO\00_PRODUCAO_2026\02_JORNAIS_NJUD\03_AUDIOS_RADIO\06 - 06 - 26\NJUD_1897_09-06-2026.mp3,NJUD_1897,1897
246,H:\Meu Drive\RADIO TJRN CONTEÚDO\00_PRODUCAO_2026\02_JORNAIS_NJUD\03_AUDIOS_RADIO\06 - 06 - 26\NJUD_1898_09-06-2026.mp3,NJUD_1898,1898
248,H:\Meu Drive\RADIO TJRN CONTEÚDO\00_PRODUCAO_2026\02_JORNAIS_NJUD\03_AUDIOS_RADIO\06 - 06 - 26\NJUD_1897_10-06-2026.mp3,NJUD_1897,1897
249,H:\Meu Drive\RADIO TJRN CONTEÚDO\00_PRODUCAO_2026\02_JORNAIS_NJUD\03_AUDIOS_RADIO\06 - 06 - 26\NJUD_1899_10-06-2026.mp3,NJUD_1899,1899
258,H:\Meu Drive\RADIO TJRN CONTEÚDO\00_PRODUCAO_2026\02_JORNAIS_NJUD\03_AUDIOS_RADIO\07 - 07 - 26\NJUD_1900_26-07-2026.mp3,NJUD_1900,1900
259,H:\Meu Drive\RADIO TJRN CONTEÚDO\00_PRODUCAO_2026\02_JORNAIS_NJUD\03_AUDIOS_RADIO\07 - 07 - 26\NJUD_1901_26-07-2026.mp3,NJUD_1901,1901
261,H:\Meu Drive\RADIO TJRN CONTEÚDO\00_PRODUCAO_2026\02_JORNAIS_NJUD\03_AUDIOS_RADIO\07 - 07 - 26\NJUD_1900_27-07-2026.mp3,NJUD_1900,1900
