arquivo_original,data,num_atual,num_esperado,motivo
NJUD_1811_02-02-2026.mp3,02-02-2026,1811,1809,destino já existe
NJUD_1819_05-02-2026.mp3,05-02-2026,1819,1812,destino já existe
NJUD_1924_26-08-2026.mp3,26-08-2026,1924,1943,destino já existe
NJUD_1925_26-08-2026.mp3,26-08-2026,1925,1943,destino já existe
NJUD_1793_07-01-2026.mp3,07-01-2026,1793,,sem entrada no CSV
NJUD_1794_01-01-2026.mp3,01-01-2026,1794,,sem entrada no CSV
NJUD_1797_02-01-2026.mp3,02-01-2026,1797,,sem entrada no CSV
NJUD_1804_05-01-2026.mp3,05-01-2026,1804,,sem entrada no CSV
NJUD_1812_06-01-2026.mp3,06-01-2026,1812,,sem entrada no CSV
NJUD_1820_16-02-2026.mp3,16-02-2026,1820,,sem entrada no CSV
NJUD_1823_17-02-2026.mp3,17-02-2026,1823,,sem entrada no CSV
NJUD_1825_18-02-2026.mp3,18-02-2026,1825,,sem entrada no CSV
NJUD_1827_13-03-2026.mp3,13-03-2026,1827,,sem entrada no CSV
NJUD_1828_02-03-2026.mp3,02-03-2026,1828,,sem entrada no CSV
NJUD_1829_29-01-2026.mp3,29-01-2026,1829,,sem entrada no CSV
NJUD_1830_16-03-2026.mp3,16-03-2026,1830,,sem entrada no CSV
NJUD_1831_03-03-2026.mp3,03-03-2026,1831,,sem entrada no CSV
NJUD_1832_17-03-2026.mp3,17-03-2026,1832,,sem entrada no CSV
NJUD_1833_04-03-2026.mp3,04-03-2026,1833,,sem entrada no CSV
NJUD_1834_18-03-2026.mp3,18-03-2026,1834,,sem entrada no CSV
NJUD_1835_05-03-2026.mp3,05-03-2026,1835,,sem entrada no CSV
NJUD_1837_19-03-2026.mp3,19-03-2026,1837,,sem entrada no CSV
NJUD_1838_06-03-2026.mp3,06-03-2026,1838,,sem entrada no CSV
NJUD_1839_20-03-2026.mp3,20-03-2026,1839,,sem entrada no CSV
NJUD_1840_09-03-2026.mp3,09-03-2026,1840,,sem entrada no CSV
NJUD_1842_23-03-2026.mp3,23-03-2026,1842,,sem entrada no CSV
NJUD_1843_10-03-2026.mp3,10-03-2026,1843,,sem entrada no CSV
NJUD_1844_24-03-2026.mp3,24-03-2026,1844,,sem entrada no CSV
NJUD_1845_11-03-2026.mp3,11-03-2026,1845,,sem entrada no CSV
NJUD_1847_25-03-2026.mp3,25-03-2026,1847,,sem entrada no CSV
NJUD_1848_12-03-2026.mp3,12-03-2026,1848,,sem entrada no CSV
NJUD_1889_04-06-2026.mp3,04-06-2026,1889,,sem entrada no CSV
NJUD_1890_02-06-2026.mp3,02-06-2026,1890,,sem entrada no CSV
NJUD_1891_03-06-2026.mp3,03-06-2026,1891,,sem entrada no CSV
NJUD_1892_03-06-2026.mp3,03-06-2026,1892,,sem entrada no CSV
NJUD_1893_08-06-2026.mp3,08-06-2026,1893,,sem entrada no CSV
NJUD_1895_08-06-2026.mp3,08-06-2026,1895,,sem entrada no CSV
NJUD_1897_10-06-2026.mp3,10-06-2026,1897,,sem entrada no CSV
NJUD_1898_09-06-2026.mp3,09-06-2026,1898,,sem entrada no CSV
NJUD_1899_10-06-2026.mp3,10-06-2026,1899,,sem entrada no CSV
NJUD_1901_26-07-2026.mp3,26-07-2026,1901,,sem entrada no CSV
NJUD_1902_16-04-2026.mp3,16-04-2026,1902,,sem entrada no CSV
NJUD_1904_20-04-2026.mp3,20-04-2026,1904,,sem entrada no CSV
NJUD_1905_17-04-2026.mp3,17-04-2026,1905,,sem entrada no CSV
NJUD_1906_30-04-2026.mp3,30-04-2026,1906,,sem entrada no CSV
NJUD_1907_22-04-2026.mp3,22-04-2026,1907,,sem entrada no CSV
NJUD_1909_01-05-2026.mp3,01-05-2026,1909,,sem entrada no CSV
NJUD_1910_23-04-2026.mp3,23-04-2026,1910,,sem entrada no CSV
NJUD_1911_24-04-2026.mp3,24-04-2026,1911,,sem entrada no CSV
NJUD_1912_24-04-2026.mp3,24-04-2026,1912,,sem entrada no CSV
NJUD_1914_04-05-2026.mp3,04-05-2026,1914,,sem entrada no CSV
NJUD_1915_26-04-2026.mp3,26-04-2026,1915,,sem entrada no CSV
NJUD_1916_05-05-2026.mp3,05-05-2026,1916,,sem entrada no CSV
NJUD_1917_27-04-2026.mp3,27-04-2026,1917,,sem entrada no CSV
NJUD_1919_06-05-2026.mp3,06-05-2026,1919,,sem entrada no CSV
NJUD_1920_28-04-2026.mp3,28-04-2026,1920,,sem entrada no CSV
NJUD_1921_07-05-2026.mp3,07-05-2026,1921,,sem entrada no CSV
NJUD_1922_29-04-2026.mp3,29-04-2026,1922,,sem entrada no CSV
NJUD_1926_15-04-2026.mp3,15-04-2026,1926,,sem entrada no CSV
NJUD_1927_15-04-2026.mp3,15-04-2026,1927,,sem entrada no CSV
NJUD_1928_16-04-2026.mp3,16-04-2026,1928,,sem entrada no CSV
NJUD_1929_16-04-2026.mp3,16-04-2026,1929,,sem entrada no CSV
NJUD_1707_27-04-2026.mp3,27-04-2026,1707,,sem entrada no CSV
NJUD_1801_28-04-2026.mp3,28-04-2026,1801,,sem entrada no CSV
NJUD_1877_05-06-2026.mp3,05-06-2026,1877,,sem entrada no CSV
NJUD_1877_20-05-2026.mp3,20-05-2026,1877,,sem entrada no CSV
NJUD_1901_01-06-2026.mp3,01-06-2026,1901,,sem entrada no CSV
NJUD_1903_03-06-2026.mp3,03-06-2026,1903,,sem entrada no CSV
NJUD_1904_04-06-2026.mp3,04-06-2026,1904,,sem entrada no CSV
NJUD_1927_16-04-2026.mp3,16-04-2026,1927,,sem entrada no CSV
NJUD_2001_09-06-2026.mp3,09-06-2026,2001,,sem entrada no CSV
NJUD_2002_10-06-2026.mp3,10-06-2026,2002,,sem entrada no CSV
NJUD_2003_11-06-2026.mp3,11-06-2026,2003,,sem entrada no CSV
NJUD_2204_01-07-2026.mp3,01-07-2026,2204,,sem entrada no CSV
