hash,arquivo1,arquivo2,status
745bf7fd8bf373cbfab84adb58b909e4ea421fd18d4c3995c674f265474c6e91,F:\Projetos\DIVISOR\data\processed\JORNAIS_DIVIDIDOS\JORNAIS_DIVIDIDOS\NJUD 1888\BOLETIM_RADIO_TJRN_02_06_2026_B2_TJRN_SUSPENDE_EDITAIS__CABECA.mp3,F:\Projetos\DIVISOR\data\processed\JORNAIS_DIVIDIDOS_JUN_JUL_AGO_2026\BOLETIM_RADIO_TJRN_02_06_2026_B2_TJRN_SUSPENDE_EDITAIS__CABECA.mp3,duplicata
fde63fb362ddf3ffff821b7a042f3e8f3ad887c3f9dfc76d67a08b9b6e079da8,F:\Projetos\DIVISOR\data\processed\JORNAIS_DIVIDIDOS\JORNAIS_DIVIDIDOS\NJUD 1888\BOLETIM_RADIO_TJRN_02_06_2026_B2_TJRN_SUSPENDE_EDITAIS__CORPO.mp3,F:\Projetos\DIVISOR\data\processed\JORNAIS_DIVIDIDOS_JUN_JUL_AGO_2026\BOLETIM_RADIO_TJRN_02_06_2026_B2_TJRN_SUSPENDE_EDITAIS__CORPO.mp3,duplicata
0646aaaf7d79fe88dfc3cf44339e355b4529ad279481c375675947fbe5011f6a,F:\Projetos\DIVISOR\data\processed\JORNAIS_DIVIDIDOS\JORNAIS_DIVIDIDOS\NJUD 1889\BOLETIM_RADIO_TJRN_02_06_2026_B3_TJRN_SAAE_EXTREMOZ_INDENIZAR_CABECA.mp3,F:\Projetos\DIVISOR\data\processed\JORNAIS_DIVIDIDOS_JUN_JUL_AGO_2026\BOLETIM_RADIO_TJRN_02_06_2026_B3_TJRN_SAAE_EXTREMOZ_INDENIZAR_CABECA.mp3,duplicata
aaca18c79ebb192837aebe86b334feda68a1342bb2e85420305c58885aefd5f3,F:\Projetos\DIVISOR\data\processed\JORNAIS_DIVIDIDOS\JORNAIS_DIVIDIDOS\NJUD 1889\BOLETIM_RADIO_TJRN_02_06_2026_B3_TJRN_SAAE_EXTREMOZ_INDENIZAR_CORPO.mp3,F:\Projetos\DIVISOR\data\processed\JORNAIS_DIVIDIDOS_JUN_JUL_AGO_2026\BOLETIM_RADIO_TJRN_02_06_2026_B3_TJRN_SAAE_EXTREMOZ_INDENIZAR_CORPO.mp3,duplicata
f0f0a39f7b9e86d8b545b91870b170bdd5d0592acc28c55a05c921b4ae6a9cf7,F:\Projetos\DIVISOR\data\processed\JORNAIS_DIVIDIDOS\JORNAIS_DIVIDIDOS\NJUD 1890\BOLETIM_RADIO_TJRN_02_06_2026_B10_TJRN_JUIZADO_NATAL_ESTAGIO__CABECA.mp3,F:\Projetos\DIVISOR\data\processed\JORNAIS_DIVIDIDOS_JUN_JUL_AGO_2026\BOLETIM_RADIO_TJRN_02_06_2026_B10_TJRN_JUIZADO_NATAL_ESTAGIO__CABECA.mp3,duplicata
b3e8a270fa7a09b0ea3993d8d773fb78b8e6f337db713c888f36a9ddabded33d,F:\Projetos\DIVISOR\data\processed\JORNAIS_DIVIDIDOS\JORNAIS_DIVIDIDOS\NJUD 1890\BOLETIM_RADIO_TJRN_02_06_2026_B10_TJRN_JUIZADO_NATAL_ESTAGIO__CORPO.mp3,F:\Projetos\DIVISOR\data\processed\JORNAIS_DIVIDIDOS_JUN_JUL_AGO_2026\BOLETIM_RADIO_TJRN_02_06_2026_B10_TJRN_JUIZADO_NATAL_ESTAGIO__CORPO.mp3,duplicata
e440f7fb485b48725ac7fcdafb70d45a4e8162aaa9dd52d7bc5842fbc8ebb09a,F:\Projetos\DIVISOR\data\processed\JORNAIS_DIVIDIDOS\JORNAIS_DIVIDIDOS\NJUD 1891\BOLETIM_RADIO_TJRN_03_06_2026_B1_TJRN_HOMEM_CONDENADO_COLISAO_CARRO_CABECA.mp3,F:\Projetos\DIVISOR\data\processed\JORNAIS_DIVIDIDOS_JUN_JUL_AGO_2026\BOLETIM_RADIO_TJRN_03_06_2026_B1_TJRN_HOMEM_CONDENADO_COLISAO_CARRO_CABECA.mp3,duplicata
d99591a5dc5828bb4a6d0838b47168b57c35369d56ec77005b9113b1533920cb,F:\Projetos\DIVISOR\data\processed\JORNAIS_DIVIDIDOS\JORNAIS_DIVIDIDOS\NJUD 1891\BOLETIM_RADIO_TJRN_03_06_2026_B1_TJRN_HOMEM_CONDENADO_COLISAO_CARRO_CORPO.mp3,F:\Projetos\DIVISOR\data\processed\JORNAIS_DIVIDIDOS_JUN_JUL_AGO_2026\BOLETIM_RADIO_TJRN_03_06_2026_B1_TJRN_HOMEM_CONDENADO_COLISAO_CARRO_CORPO.mp3,duplicata
ee80b97728e035c2e82029c16be56a0eb925938946cb42918dc069cc1d63c2a1,F:\Projetos\DIVISOR\data\processed\JORNAIS_DIVIDIDOS\JORNAIS_DIVIDIDOS\NJUD 1891\BOLETIM_RADIO_TJRN_03_06_2026_B2_TJRN_CASAMENTO_COMUNITARIO_TOUROS_CABECA.mp3,F:\Projetos\DIVISOR\data\processed\JORNAIS_DIVIDIDOS_JUN_JUL_AGO_2026\BOLETIM_RADIO_TJRN_03_06_2026_B2_TJRN_CASAMENTO_COMUNITARIO_TOUROS_CABECA.mp3,duplicata
d241895cc741bfeea849ce1dc421d5503926199a578b712088eddf520c19c758,F:\Projetos\DIVISOR\data\processed\JORNAIS_DIVIDIDOS\JORNAIS_DIVIDIDOS\NJUD 1891\BOLETIM_RADIO_TJRN_03_06_2026_B2_TJRN_CASAMENTO_COMUNITARIO_TOUROS_CORPO.mp3,F:\Projetos\DIVISOR\data\processed\JORNAIS_DIVIDIDOS_JUN_JUL_AGO_2026\BOLETIM_RADIO_TJRN_03_06_2026_B2_TJRN_CASAMENTO_COMUNITARIO_TOUROS_CORPO.mp3,duplicata
2a59caaa5ec612bef6d4f76ec6e89a0ba15798198e1762fb9105a05b4adb7449,F:\Projetos\DIVISOR\data\processed\JORNAIS_DIVIDIDOS\JORNAIS_DIVIDIDOS\NJUD 1891\BOLETIM_RADIO_TJRN_03_06_2026_B3_TJRN_RESULTADO_DEFINITIVO_HETEROIDENTIFICACAO__CABECA.mp3,F:\Projetos\DIVISOR\data\processed\JORNAIS_DIVIDIDOS_JUN_JUL_AGO_2026\BOLETIM_RADIO_TJRN_03_06_2026_B3_TJRN_RESULTADO_DEFINITIVO_HETEROIDENTIFICACAO__CABECA.mp3,duplicata
79e6abea75684fb561a37abb560ca8985715ac53f4c189f185d2ecbb932847f5,F:\Projetos\DIVISOR\data\processed\JORNAIS_DIVIDIDOS\JORNAIS_DIVIDIDOS\NJUD 1891\BOLETIM_RADIO_TJRN_03_06_2026_B3_TJRN_RESULTADO_DEFINITIVO_HETEROIDENTIFICACAO__CORPO.mp3,F:\Projetos\DIVISOR\data\processed\JORNAIS_DIVIDIDOS_JUN_JUL_AGO_2026\BOLETIM_RADIO_TJRN_03_06_2026_B3_TJRN_RESULTADO_DEFINITIVO_HETEROIDENTIFICACAO__CORPO.mp3,duplicata
f16a15c84061b0e93845cb163e0a595e98f14f9701a9d26f6510e0e017ac937a,F:\Projetos\DIVISOR\data\processed\JORNAIS_DIVIDIDOS\JORNAIS_DIVIDIDOS\NJUD 1893\BOLETIM_RADIO_TJRN_03_06_2026_B10_TRTRN_PUBLICACAO_INCIDENTES_DADOS_PESSOAIS__CABECA.mp3,F:\Projetos\DIVISOR\data\processed\JORNAIS_DIVIDIDOS_JUN_JUL_AGO_2026\BOLETIM_RADIO_TJRN_03_06_2026_B10_TRTRN_PUBLICACAO_INCIDENTES_DADOS_PESSOAIS__CABECA.mp3,duplicata
fdbe48386767832c45b6d4cf738d2d184643a52702907da51368f86d85826e08,F:\Projetos\DIVISOR\data\processed\JORNAIS_DIVIDIDOS\JORNAIS_DIVIDIDOS\NJUD 1893\BOLETIM_RADIO_TJRN_03_06_2026_B10_TRTRN_PUBLICACAO_INCIDENTES_DADOS_PESSOAIS__CORPO.mp3,F:\Projetos\DIVISOR\data\processed\JORNAIS_DIVIDIDOS_JUN_JUL_AGO_2026\BOLETIM_RADIO_TJRN_03_06_2026_B10_TRTRN_PUBLICACAO_INCIDENTES_DADOS_PESSOAIS__CORPO.mp3,duplicata
938eb341d78d1855cbc1026fd1dfb471880e83824a0cb10cc8947060d0ce5348,F:\Projetos\DIVISOR\data\processed\JORNAIS_DIVIDIDOS\JORNAIS_DIVIDIDOS\NJUD 1895\BOLETIM_RADIO_TJRN_08_06_2026_B10_MPRN_MULTIRAO_EXAMES_CNH_CABECA.mp3,F:\Projetos\DIVISOR\data\processed\JORNAIS_DIVIDIDOS_JUN_JUL_AGO_2026\BOLETIM_RADIO_TJRN_08_06_2026_B10_MPRN_MULTIRAO_EXAMES_CNH_CABECA.mp3,duplicata
07bc3639067cc675b8ceca81f5b9f1c8a24bc77355c19272a4ba7d1016f6e131,F:\Projetos\DIVISOR\data\processed\JORNAIS_DIVIDIDOS\JORNAIS_DIVIDIDOS\NJUD 1895\BOLETIM_RADIO_TJRN_08_06_2026_B10_MPRN_MULTIRAO_EXAMES_CNH_CORPO.mp3,F:\Projetos\DIVISOR\data\processed\JORNAIS_DIVIDIDOS_JUN_JUL_AGO_2026\BOLETIM_RADIO_TJRN_08_06_2026_B10_MPRN_MULTIRAO_EXAMES_CNH_CORPO.mp3,duplicata
a836d3db8386449c983bb541c206ef97b1e965477cf1d875bf0a1352d1a37150,F:\Projetos\DIVISOR\data\processed\JORNAIS_DIVIDIDOS\JORNAIS_DIVIDIDOS\NJUD 1896\BOLETIM_RADIO_TJRN_08_06_2026_B11_MPRN_PROJETO_ADOCAO_E_LEGAL_CABECA.mp3,F:\Projetos\DIVISOR\data\processed\JORNAIS_DIVIDIDOS_JUN_JUL_AGO_2026\BOLETIM_RADIO_TJRN_08_06_2026_B11_MPRN_PROJETO_ADOCAO_E_LEGAL (1)_CABECA.mp3,duplicata
c88026a62c64f4325b9679b91b06a7de2a0883b5dd6eeeefd610d3f4a24edff7,F:\Projetos\DIVISOR\data\processed\JORNAIS_DIVIDIDOS\JORNAIS_DIVIDIDOS\NJUD 1896\BOLETIM_RADIO_TJRN_08_06_2026_B11_MPRN_PROJETO_ADOCAO_E_LEGAL_CORPO.mp3,F:\Projetos\DIVISOR\data\processed\JORNAIS_DIVIDIDOS_JUN_JUL_AGO_2026\BOLETIM_RADIO_TJRN_08_06_2026_B11_MPRN_PROJETO_ADOCAO_E_LEGAL (1)_CORPO.mp3,duplicata
2508bd2eaec7e978e878e37c8dd5c9fd6ef5e6aefbc677b8ae18f8f3dadf880c,F:\Projetos\DIVISOR\data\processed\JORNAIS_DIVIDIDOS\JORNAIS_DIVIDIDOS\NJUD 1898\BOLETIM_RADIO_TJRN_09_06_2026_B10_DPERN_DEFENSORES_MIRINS__CABECA.mp3,F:\Projetos\DIVISOR\data\processed\JORNAIS_DIVIDIDOS_JUN_JUL_AGO_2026\BOLETIM_RADIO_TJRN_09_06_2026_B10_DPERN_DEFENSORES_MIRINS__CABECA.mp3,duplicata
952cc4f99bcc39412aaf10a84904e6dce008d0b020c9b2e76564f5878d36d3a2,F:\Projetos\DIVISOR\data\processed\JORNAIS_DIVIDIDOS\JORNAIS_DIVIDIDOS\NJUD 1898\BOLETIM_RADIO_TJRN_09_06_2026_B10_DPERN_DEFENSORES_MIRINS__CORPO.mp3,F:\Projetos\DIVISOR\data\processed\JORNAIS_DIVIDIDOS_JUN_JUL_AGO_2026\BOLETIM_RADIO_TJRN_09_06_2026_B10_DPERN_DEFENSORES_MIRINS__CORPO.mp3,duplicata
f7da6836c784f6171bb43828639ee66931d4d7e25766fca9b04bbf5b1f55efef,F:\Projetos\DIVISOR\data\processed\JORNAIS_DIVIDIDOS\JORNAIS_DIVIDIDOS\NJUD 1898\BOLETIM_RADIO_TJRN_09_06_2026_B11_MPRN_EVENTO_AGENTES_SEGURANCA__CABECA.mp3,F:\Projetos\DIVISOR\data\processed\JORNAIS_DIVIDIDOS_JUN_JUL_AGO_2026\BOLETIM_RADIO_TJRN_09_06_2026_B11_MPRN_EVENTO_AGENTES_SEGURANCA_ (1)_CABECA.mp3,duplicata
b1b6cc0ce93e3c6bece3eb45a185d4852218d9d5439dc929e0c057c674247504,F:\Projetos\DIVISOR\data\processed\JORNAIS_DIVIDIDOS\JORNAIS_DIVIDIDOS\NJUD 1898\BOLETIM_RADIO_TJRN_09_06_2026_B11_MPRN_EVENTO_AGENTES_SEGURANCA__CORPO.mp3,F:\Projetos\DIVISOR\data\processed\JORNAIS_DIVIDIDOS_JUN_JUL_AGO_2026\BOLETIM_RADIO_TJRN_09_06_2026_B11_MPRN_EVENTO_AGENTES_SEGURANCA_ (1)_CORPO.mp3,duplicata
334135435fc248697a7a4b1d5707d39365cd3c8228d0019fd56f92074279233f,F:\Projetos\DIVISOR\data\processed\JORNAIS_DIVIDIDOS\JORNAIS_DIVIDIDOS\NJUD 1900\BOLETIM_RADIO_TJRN_26_07_2026_B1_TJRN_SUSPENSAO_AGENTES_SAO_GONCALO_CABECA.mp3,F:\Projetos\DIVISOR\data\processed\JORNAIS_DIVIDIDOS_JUN_JUL_AGO_2026\BOLETIM_RADIO_TJRN_26_07_2026_B1_TJRN_SUSPENSAO_AGENTES_SAO_GONCALO_CABECA.mp3,duplicata
c984c6b89e837c7078a6f90778683377015245012b9a2615be882a5fe24a5262,F:\Projetos\DIVISOR\data\processed\JORNAIS_DIVIDIDOS\JORNAIS_DIVIDIDOS\NJUD 1900\BOLETIM_RADIO_TJRN_26_07_2026_B1_TJRN_SUSPENSAO_AGENTES_SAO_GONCALO_CORPO.mp3,F:\Projetos\DIVISOR\data\processed\JORNAIS_DIVIDIDOS_JUN_JUL_AGO_2026\BOLETIM_RADIO_TJRN_26_07_2026_B1_TJRN_SUSPENSAO_AGENTES_SAO_GONCALO_CORPO.mp3,duplicata
4bbdd39bad9eb6f4b9319e5e86f9c5cf6a275a75f262f8bd67865069d4c511e6,F:\Projetos\DIVISOR\data\processed\JORNAIS_DIVIDIDOS\JORNAIS_DIVIDIDOS\NJUD 1900\BOLETIM_RADIO_TJRN_26_07_2026_B2_TJRN_APLICATIVO_JUSTIC_NJUD_CABECA.mp3,F:\Projetos\DIVISOR\data\processed\JORNAIS_DIVIDIDOS_JUN_JUL_AGO_2026\BOLETIM_RADIO_TJRN_26_07_2026_B2_TJRN_APLICATIVO_JUSTIC_NJUD_CABECA.mp3,duplicata
89a1ba8afc634ea3fda804f86062fecbfbd154e360360970b4006a45769abec3,F:\Projetos\DIVISOR\data\processed\JORNAIS_DIVIDIDOS\JORNAIS_DIVIDIDOS\NJUD 1900\BOLETIM_RADIO_TJRN_26_07_2026_B2_TJRN_APLICATIVO_JUSTIC_NJUD_CORPO.mp3,F:\Projetos\DIVISOR\data\processed\JORNAIS_DIVIDIDOS_JUN_JUL_AGO_2026\BOLETIM_RADIO_TJRN_26_07_2026_B2_TJRN_APLICATIVO_JUSTIC_NJUD_CORPO.mp3,duplicata
acd1976d0f6f0bdd3064c4751c6e5f3f26d3a2deb1326def26bd5fe64992c0dd,F:\Projetos\DIVISOR\data\processed\JORNAIS_DIVIDIDOS\JORNAIS_DIVIDIDOS\NJUD 1900\BOLETIM_RADIO_TJRN_26_07_2026_B3_TJRN_COMARCA_ALMINO_AFONSO_TABELIAO__CABECA.mp3,F:\Projetos\DIVISOR\data\processed\JORNAIS_DIVIDIDOS_JUN_JUL_AGO_2026\BOLETIM_RADIO_TJRN_26_07_2026_B3_TJRN_COMARCA_ALMINO_AFONSO_TABELIAO__CABECA.mp3,duplicata
0ca0f3d388afc04d3f3cb6f0183b77de0f8a581cdadd6017d7055a94f82479df,F:\Projetos\DIVISOR\data\processed\JORNAIS_DIVIDIDOS\JORNAIS_DIVIDIDOS\NJUD 1902\BOLETIM_RADIO_TJRN_26_07_2026_B10_TRTRN_CEJUS_NATAL_ACORDO_EMPRESA_CONCECAO__CABECA.mp3,F:\Projetos\DIVISOR\data\processed\JORNAIS_DIVIDIDOS_JUN_JUL_AGO_2026\BOLETIM_RADIO_TJRN_26_07_2026_B10_TRTRN_CEJUS_NATAL_ACORDO_EMPRESA_CONCECAO__CABECA.mp3,duplicata
e45f1e22fa06e12f1c28d282b1f8e739420d54e17d1290b0e370983c03b33902,F:\Projetos\DIVISOR\data\processed\JORNAIS_DIVIDIDOS\JORNAIS_DIVIDIDOS\NJUD 1913\BOLETIM_RADIO_TJRN_26_04_2026_B1_TJRN_CAICO_INTERINO_OFICIO_UNICO__CABECA.mp3,F:\Projetos\DIVISOR\data\processed\JORNAIS_DIVIDIDOS_JUN_JUL_AGO_2026\BOLETIM_RADIO_TJRN_26_04_2026_B1_TJRN_CAICO_INTERINO_OFICIO_UNICO__CABECA.mp3,duplicata
368ff8cbf6dcb54085fd2e451fe6049ff64fc5c774560ea7e404f87cdffb6565,F:\Projetos\DIVISOR\data\processed\JORNAIS_DIVIDIDOS\JORNAIS_DIVIDIDOS\NJUD 1913\BOLETIM_RADIO_TJRN_26_04_2026_B2_TJRN_ERRO_CALCULO_PROFESSORA_NJUD_1916_CABECA.mp3,F:\Projetos\DIVISOR\data\processed\JORNAIS_DIVIDIDOS_JUN_JUL_AGO_2026\BOLETIM_RADIO_TJRN_26_04_2026_B2_TJRN_ERRO_CALCULO_PROFESSORA_NJUD_1916_CABECA.mp3,duplicata
252532a60fd85a777cd50d9b759d8a2ed9539e1661a28349649e29d08608f18a,F:\Projetos\DIVISOR\data\processed\JORNAIS_DIVIDIDOS\JORNAIS_DIVIDIDOS\NJUD 1913\BOLETIM_RADIO_TJRN_26_04_2026_B2_TJRN_ERRO_CALCULO_PROFESSORA_NJUD_1916_CORPO.mp3,F:\Projetos\DIVISOR\data\processed\JORNAIS_DIVIDIDOS_JUN_JUL_AGO_2026\BOLETIM_RADIO_TJRN_26_04_2026_B2_TJRN_ERRO_CALCULO_PROFESSORA_NJUD_1916_CORPO.mp3,duplicata
00a86f1b02f5c34fd4b676d772c5a508102088814ad4f949799a72616b4be60d,F:\Projetos\DIVISOR\data\processed\JORNAIS_DIVIDIDOS\JORNAIS_DIVIDIDOS\NJUD 1914\BOLETIM_RADIO_TJRN_26_04_2026_B3_TJRN_MISSAO_PENA_JUSTA_CABECA.mp3,F:\Projetos\DIVISOR\data\processed\JORNAIS_DIVIDIDOS_JUN_JUL_AGO_2026\BOLETIM_RADIO_TJRN_26_04_2026_B3_TJRN_MISSAO_PENA_JUSTA_CABECA.mp3,duplicata
d793b1309dd34e702530ee138e9cce97046b9a4ba28144871376b8c1032ba40a,F:\Projetos\DIVISOR\data\processed\JORNAIS_DIVIDIDOS\JORNAIS_DIVIDIDOS\NJUD 1915\BOLETIM_RADIO_TJRN_26_04_2026_B10_ESMARN_FORMA_PRIMEIRA_TURMA_RESTAURATIVA__CABECA.mp3,F:\Projetos\DIVISOR\data\processed\JORNAIS_DIVIDIDOS_JUN_JUL_AGO_2026\BOLETIM_RADIO_TJRN_26_04_2026_B10_ESMARN_FORMA_PRIMEIRA_TURMA_RESTAURATIVA__CABECA.mp3,duplicata
7a2df164cf4058a77cea687d0a3035bd9bd3fcf0008304c8e6fb619a39648ac7,F:\Projetos\DIVISOR\data\processed\JORNAIS_DIVIDIDOS\JORNAIS_DIVIDIDOS\NJUD 1915\BOLETIM_RADIO_TJRN_26_04_2026_B10_ESMARN_FORMA_PRIMEIRA_TURMA_RESTAURATIVA__CORPO.mp3,F:\Projetos\DIVISOR\data\processed\JORNAIS_DIVIDIDOS_JUN_JUL_AGO_2026\BOLETIM_RADIO_TJRN_26_04_2026_B10_ESMARN_FORMA_PRIMEIRA_TURMA_RESTAURATIVA__CORPO.mp3,duplicata
cdebe87efb6619551cba070ee07251135251d0db0bb2ab4b16138fd760dc3bd1,F:\Projetos\DIVISOR\data\processed\JORNAIS_DIVIDIDOS_JUN_JUL_AGO_2026\BOLETIM_RADIO_TJRN_11_06_2026_B10_DPERN_GARANTE_DIREITOS_CRIANCA_ (1)_CABECA.mp3,F:\Projetos\DIVISOR\data\processed\JORNAIS_DIVIDIDOS_JUN_JUL_AGO_2026\BOLETIM_RADIO_TJRN_11_06_2026_B10_DPERN_GARANTE_DIREITOS_CRIANCA__CABECA.mp3,duplicata
0d930c65b4ff891758e4f47611cf0d4fe29c2a64b832cdd82dc45f4f7c0cf1b9,F:\Projetos\DIVISOR\data\processed\JORNAIS_DIVIDIDOS_JUN_JUL_AGO_2026\BOLETIM_RADIO_TJRN_11_06_2026_B10_DPERN_GARANTE_DIREITOS_CRIANCA_ (1)_CORPO.mp3,F:\Projetos\DIVISOR\data\processed\JORNAIS_DIVIDIDOS_JUN_JUL_AGO_2026\BOLETIM_RADIO_TJRN_11_06_2026_B10_DPERN_GARANTE_DIREITOS_CRIANCA__CORPO.mp3,duplicata
e32a60d8aa70b9dadd4468ec8d0380d3cf13ed006f7fa26d24d5135e3f69d82c,F:\Projetos\DIVISOR\data\processed\JORNAIS_DIVIDIDOS_JUN_JUL_AGO_2026\BOLETIM_RADIO_TJRN_12_06_2026_B10_TRT_RN_VISITA_CAIXA_ECONOMICA_ (1)_CABECA.mp3,F:\Projetos\DIVISOR\data\processed\JORNAIS_DIVIDIDOS_JUN_JUL_AGO_2026\BOLETIM_RADIO_TJRN_12_06_2026_B10_TRT_RN_VISITA_CAIXA_ECONOMICA__CABECA.mp3,duplicata
07c1efa7e0f1967e5428acfb01631422ff6ad0cc0c46fd149d80d08d4dc86fd9,F:\Projetos\DIVISOR\data\processed\JORNAIS_DIVIDIDOS_JUN_JUL_AGO_2026\BOLETIM_RADIO_TJRN_12_06_2026_B10_TRT_RN_VISITA_CAIXA_ECONOMICA_ (1)_CORPO.mp3,F:\Projetos\DIVISOR\data\processed\JORNAIS_DIVIDIDOS_JUN_JUL_AGO_2026\BOLETIM_RADIO_TJRN_12_06_2026_B10_TRT_RN_VISITA_CAIXA_ECONOMICA__CORPO.mp3,duplicata
