arquivo,pasta,data,status,observacao
F:\Projetos\DIVISOR\data\processed\JORNAIS_DIVIDIDOS\JORNAIS_DIVIDIDOS\NJUD 1900\BOLETIM_RADIO_TJRN_26_07_2026_B1_TJRN_SUSPENSAO_AGENTES_SAO_GONCALO_CABECA.mp3,data\processed\JORNAIS_DIVIDIDOS\JORNAIS_DIVIDIDOS\NJUD 1900,26/07/2026,sem_num_csv,Data existe no CSV mas sem Programa_Projetado
F:\Projetos\DIVISOR\data\processed\JORNAIS_DIVIDIDOS\JORNAIS_DIVIDIDOS\NJUD 1900\BOLETIM_RADIO_TJRN_26_07_2026_B1_TJRN_SUSPENSAO_AGENTES_SAO_GONCALO_CORPO.mp3,data\processed\JORNAIS_DIVIDIDOS\JORNAIS_DIVIDIDOS\NJUD 1900,26/07/2026,sem_num_csv,Data existe no CSV mas sem Programa_Projetado
F:\Projetos\DIVISOR\data\processed\JORNAIS_DIVIDIDOS\JORNAIS_DIVIDIDOS\NJUD 1900\BOLETIM_RADIO_TJRN_26_07_2026_B2_TJRN_APLICATIVO_JUSTIC_NJUD_CABECA.mp3,data\processed\JORNAIS_DIVIDIDOS\JORNAIS_DIVIDIDOS\NJUD 1900,26/07/2026,sem_num_csv,Data existe no CSV mas sem Programa_Projetado
F:\Projetos\DIVISOR\data\processed\JORNAIS_DIVIDIDOS\JORNAIS_DIVIDIDOS\NJUD 1900\BOLETIM_RADIO_TJRN_26_07_2026_B2_TJRN_APLICATIVO_JUSTIC_NJUD_CORPO.mp3,data\processed\JORNAIS_DIVIDIDOS\JORNAIS_DIVIDIDOS\NJUD 1900,26/07/2026,sem_num_csv,Data existe no CSV mas sem Programa_Projetado
F:\Projetos\DIVISOR\data\processed\JORNAIS_DIVIDIDOS\JORNAIS_DIVIDIDOS\NJUD 1900\BOLETIM_RADIO_TJRN_26_07_2026_B3_TJRN_COMARCA_ALMINO_AFONSO_TABELIAO__CABECA.mp3,data\processed\JORNAIS_DIVIDIDOS\JORNAIS_DIVIDIDOS\NJUD 1900,26/07/2026,sem_num_csv,Data existe no CSV mas sem Programa_Projetado
F:\Projetos\DIVISOR\data\processed\JORNAIS_DIVIDIDOS\JORNAIS_DIVIDIDOS\NJUD 1900\BOLETIM_RADIO_TJRN_26_07_2026_B3_TJRN_COMARCA_ALMINO_AFONSO_TABELIAO__CORPO.mp3,data\processed\JORNAIS_DIVIDIDOS\JORNAIS_DIVIDIDOS\NJUD 1900,26/07/2026,sem_num_csv,Data existe no CSV mas sem Programa_Projetado
F:\Projetos\DIVISOR\data\processed\JORNAIS_DIVIDIDOS\JORNAIS_DIVIDIDOS\NJUD 1900\BOLETIM_RADIO_TJRN_26_07_2026_B4_TJRN_ESTADO_INCORPORAR_GRATIFICACAO_NJUD_CABECA.mp3,data\processed\JORNAIS_DIVIDIDOS\JORNAIS_DIVIDIDOS\NJUD 1900,26/07/2026,sem_num_csv,Data existe no CSV mas sem Programa_Projetado
F:\Projetos\DIVISOR\data\processed\JORNAIS_DIVIDIDOS\JORNAIS_DIVIDIDOS\NJUD 1900\BOLETIM_RADIO_TJRN_26_07_2026_B4_TJRN_ESTADO_INCORPORAR_GRATIFICACAO_NJUD_CORPO.mp3,data\processed\JORNAIS_DIVIDIDOS\JORNAIS_DIVIDIDOS\NJUD 1900,26/07/2026,sem_num_csv,Data existe no CSV mas sem Programa_Projetado
F:\Projetos\DIVISOR\data\processed\JORNAIS_DIVIDIDOS\JORNAIS_DIVIDIDOS\NJUD 1901\BOLETIM_RADIO_TJRN_26_07_2026_B5_TJRN_HOMEM_CONDENADO_VIOLENCIA_DOMESTICA_NJUD_CABECA.mp3,data\processed\JORNAIS_DIVIDIDOS\JORNAIS_DIVIDIDOS\NJUD 1901,26/07/2026,sem_num_csv,Data existe no CSV mas sem Programa_Projetado
F:\Projetos\DIVISOR\data\processed\JORNAIS_DIVIDIDOS\JORNAIS_DIVIDIDOS\NJUD 1901\BOLETIM_RADIO_TJRN_26_07_2026_B5_TJRN_HOMEM_CONDENADO_VIOLENCIA_DOMESTICA_NJUD_CORPO.mp3,data\processed\JORNAIS_DIVIDIDOS\JORNAIS_DIVIDIDOS\NJUD 1901,26/07/2026,sem_num_csv,Data existe no CSV mas sem Programa_Projetado
F:\Projetos\DIVISOR\data\processed\JORNAIS_DIVIDIDOS\JORNAIS_DIVIDIDOS\NJUD 1901\BOLETIM_RADIO_TJRN_26_07_2026_B6_TJRN_PACIENTE_INDENIZADA_BIOPSIA_NJUD_CABECA.mp3,data\processed\JORNAIS_DIVIDIDOS\JORNAIS_DIVIDIDOS\NJUD 1901,26/07/2026,sem_num_csv,Data existe no CSV mas sem Programa_Projetado
F:\Projetos\DIVISOR\data\processed\JORNAIS_DIVIDIDOS\JORNAIS_DIVIDIDOS\NJUD 1901\BOLETIM_RADIO_TJRN_26_07_2026_B6_TJRN_PACIENTE_INDENIZADA_BIOPSIA_NJUD_CORPO.mp3,data\processed\JORNAIS_DIVIDIDOS\JORNAIS_DIVIDIDOS\NJUD 1901,26/07/2026,sem_num_csv,Data existe no CSV mas sem Programa_Projetado
F:\Projetos\DIVISOR\data\processed\JORNAIS_DIVIDIDOS\JORNAIS_DIVIDIDOS\NJUD 1901\BOLETIM_RADIO_TJRN_26_07_2026_B7_TJRN_INSCRICOES_ACOLHIMENTO_SERVIDORES_CABECA.mp3,data\processed\JORNAIS_DIVIDIDOS\JORNAIS_DIVIDIDOS\NJUD 1901,26/07/2026,sem_num_csv,Data existe no CSV mas sem Programa_Projetado
F:\Projetos\DIVISOR\data\processed\JORNAIS_DIVIDIDOS\JORNAIS_DIVIDIDOS\NJUD 1901\BOLETIM_RADIO_TJRN_26_07_2026_B7_TJRN_INSCRICOES_ACOLHIMENTO_SERVIDORES_CORPO.mp3,data\processed\JORNAIS_DIVIDIDOS\JORNAIS_DIVIDIDOS\NJUD 1901,26/07/2026,sem_num_csv,Data existe no CSV mas sem Programa_Projetado
F:\Projetos\DIVISOR\data\processed\JORNAIS_DIVIDIDOS\JORNAIS_DIVIDIDOS\NJUD 1901\BOLETIM_RADIO_TJRN_26_07_2026_B8_TJRN_FALTA_DOCUMENTACAO_CARRO_VENDIDO__CABECA.mp3,data\processed\JORNAIS_DIVIDIDOS\JORNAIS_DIVIDIDOS\NJUD 1901,26/07/2026,sem_num_csv,Data existe no CSV mas sem Programa_Projetado
F:\Projetos\DIVISOR\data\processed\JORNAIS_DIVIDIDOS\JORNAIS_DIVIDIDOS\NJUD 1901\BOLETIM_RADIO_TJRN_26_07_2026_B8_TJRN_FALTA_DOCUMENTACAO_CARRO_VENDIDO__CORPO.mp3,data\processed\JORNAIS_DIVIDIDOS\JORNAIS_DIVIDIDOS\NJUD 1901,26/07/2026,sem_num_csv,Data existe no CSV mas sem Programa_Projetado
F:\Projetos\DIVISOR\data\processed\JORNAIS_DIVIDIDOS\JORNAIS_DIVIDIDOS\NJUD 1902\BOLETIM_RADIO_TJRN_26_07_2026_B10_TRTRN_CEJUS_NATAL_ACORDO_EMPRESA_CONCECAO__CABECA.mp3,data\processed\JORNAIS_DIVIDIDOS\JORNAIS_DIVIDIDOS\NJUD 1902,26/07/2026,sem_num_csv,Data existe no CSV mas sem Programa_Projetado
F:\Projetos\DIVISOR\data\processed\JORNAIS_DIVIDIDOS\JORNAIS_DIVIDIDOS\NJUD 1902\BOLETIM_RADIO_TJRN_26_07_2026_B10_TRTRN_CEJUS_NATAL_ACORDO_EMPRESA_CONCECAO__CORPO.mp3,data\processed\JORNAIS_DIVIDIDOS\JORNAIS_DIVIDIDOS\NJUD 1902,26/07/2026,sem_num_csv,Data existe no CSV mas sem Programa_Projetado
F:\Projetos\DIVISOR\data\processed\JORNAIS_DIVIDIDOS\JORNAIS_DIVIDIDOS\NJUD 1902\BOLETIM_RADIO_TJRN_26_07_2026_B9_ESMARN_CURSO_PREVENCAO__CABECA.mp3,data\processed\JORNAIS_DIVIDIDOS\JORNAIS_DIVIDIDOS\NJUD 1902,26/07/2026,sem_num_csv,Data existe no CSV mas sem Programa_Projetado
F:\Projetos\DIVISOR\data\processed\JORNAIS_DIVIDIDOS\JORNAIS_DIVIDIDOS\NJUD 1902\BOLETIM_RADIO_TJRN_26_07_2026_B9_ESMARN_CURSO_PREVENCAO__CORPO.mp3,data\processed\JORNAIS_DIVIDIDOS\JORNAIS_DIVIDIDOS\NJUD 1902,26/07/2026,sem_num_csv,Data existe no CSV mas sem Programa_Projetado
F:\Projetos\DIVISOR\data\processed\JORNAIS_DIVIDIDOS\JORNAIS_DIVIDIDOS\NJUD 1913\BOLETIM_RADIO_TJRN_26_04_2026_B1_TJRN_CAICO_INTERINO_OFICIO_UNICO__CABECA.mp3,data\processed\JORNAIS_DIVIDIDOS\JORNAIS_DIVIDIDOS\NJUD 1913,26/04/2026,sem_num_csv,Data existe no CSV mas sem Programa_Projetado
F:\Projetos\DIVISOR\data\processed\JORNAIS_DIVIDIDOS\JORNAIS_DIVIDIDOS\NJUD 1913\BOLETIM_RADIO_TJRN_26_04_2026_B1_TJRN_CAICO_INTERINO_OFICIO_UNICO__CORPO.mp3,data\processed\JORNAIS_DIVIDIDOS\JORNAIS_DIVIDIDOS\NJUD 1913,26/04/2026,sem_num_csv,Data existe no CSV mas sem Programa_Projetado
F:\Projetos\DIVISOR\data\processed\JORNAIS_DIVIDIDOS\JORNAIS_DIVIDIDOS\NJUD 1913\BOLETIM_RADIO_TJRN_26_04_2026_B2_TJRN_ERRO_CALCULO_PROFESSORA_NJUD_1916_CABECA.mp3,data\processed\JORNAIS_DIVIDIDOS\JORNAIS_DIVIDIDOS\NJUD 1913,26/04/2026,sem_num_csv,Data existe no CSV mas sem Programa_Projetado
F:\Projetos\DIVISOR\data\processed\JORNAIS_DIVIDIDOS\JORNAIS_DIVIDIDOS\NJUD 1913\BOLETIM_RADIO_TJRN_26_04_2026_B2_TJRN_ERRO_CALCULO_PROFESSORA_NJUD_1916_CORPO.mp3,data\processed\JORNAIS_DIVIDIDOS\JORNAIS_DIVIDIDOS\NJUD 1913,26/04/2026,sem_num_csv,Data existe no CSV mas sem Programa_Projetado
F:\Projetos\DIVISOR\data\processed\JORNAIS_DIVIDIDOS\JORNAIS_DIVIDIDOS\NJUD 1914\BOLETIM_RADIO_TJRN_26_04_2026_B3_TJRN_MISSAO_PENA_JUSTA_CABECA.mp3,data\processed\JORNAIS_DIVIDIDOS\JORNAIS_DIVIDIDOS\NJUD 1914,26/04/2026,sem_num_csv,Data existe no CSV mas sem Programa_Projetado
F:\Projetos\DIVISOR\data\processed\JORNAIS_DIVIDIDOS\JORNAIS_DIVIDIDOS\NJUD 1914\BOLETIM_RADIO_TJRN_26_04_2026_B3_TJRN_MISSAO_PENA_JUSTA_CORPO.mp3,data\processed\JORNAIS_DIVIDIDOS\JORNAIS_DIVIDIDOS\NJUD 1914,26/04/2026,sem_num_csv,Data existe no CSV mas sem Programa_Projetado
F:\Projetos\DIVISOR\data\processed\JORNAIS_DIVIDIDOS\JORNAIS_DIVIDIDOS\NJUD 1914\BOLETIM_RADIO_TJRN_26_04_2026_B4_TJRN_DETERMINA_DEVOLUCAO_VALOR_CELULAR_NJUD_1916_CABECA.mp3,data\processed\JORNAIS_DIVIDIDOS\JORNAIS_DIVIDIDOS\NJUD 1914,26/04/2026,sem_num_csv,Data existe no CSV mas sem Programa_Projetado
F:\Projetos\DIVISOR\data\processed\JORNAIS_DIVIDIDOS\JORNAIS_DIVIDIDOS\NJUD 1914\BOLETIM_RADIO_TJRN_26_04_2026_B4_TJRN_DETERMINA_DEVOLUCAO_VALOR_CELULAR_NJUD_1916_CORPO.mp3,data\processed\JORNAIS_DIVIDIDOS\JORNAIS_DIVIDIDOS\NJUD 1914,26/04/2026,sem_num_csv,Data existe no CSV mas sem Programa_Projetado
F:\Projetos\DIVISOR\data\processed\JORNAIS_DIVIDIDOS\JORNAIS_DIVIDIDOS\NJUD 1914\BOLETIM_RADIO_TJRN_26_04_2026_B5_TJRN_RECONHECE_FALHA_FORNO_NJUD_1916_CABECA.mp3,data\processed\JORNAIS_DIVIDIDOS\JORNAIS_DIVIDIDOS\NJUD 1914,26/04/2026,sem_num_csv,Data existe no CSV mas sem Programa_Projetado
F:\Projetos\DIVISOR\data\processed\JORNAIS_DIVIDIDOS\JORNAIS_DIVIDIDOS\NJUD 1914\BOLETIM_RADIO_TJRN_26_04_2026_B5_TJRN_RECONHECE_FALHA_FORNO_NJUD_1916_CORPO.mp3,data\processed\JORNAIS_DIVIDIDOS\JORNAIS_DIVIDIDOS\NJUD 1914,26/04/2026,sem_num_csv,Data existe no CSV mas sem Programa_Projetado
F:\Projetos\DIVISOR\data\processed\JORNAIS_DIVIDIDOS\JORNAIS_DIVIDIDOS\NJUD 1914\BOLETIM_RADIO_TJRN_26_04_2026_B6_TJRN_CONSUMIDOR_REEMBOLSADO_VIDEOGAME_NJUD_1916_CABECA.mp3,data\processed\JORNAIS_DIVIDIDOS\JORNAIS_DIVIDIDOS\NJUD 1914,26/04/2026,sem_num_csv,Data existe no CSV mas sem Programa_Projetado
F:\Projetos\DIVISOR\data\processed\JORNAIS_DIVIDIDOS\JORNAIS_DIVIDIDOS\NJUD 1914\BOLETIM_RADIO_TJRN_26_04_2026_B6_TJRN_CONSUMIDOR_REEMBOLSADO_VIDEOGAME_NJUD_1916_CORPO.mp3,data\processed\JORNAIS_DIVIDIDOS\JORNAIS_DIVIDIDOS\NJUD 1914,26/04/2026,sem_num_csv,Data existe no CSV mas sem Programa_Projetado
F:\Projetos\DIVISOR\data\processed\JORNAIS_DIVIDIDOS\JORNAIS_DIVIDIDOS\NJUD 1915\BOLETIM_RADIO_TJRN_26_04_2026_B10_ESMARN_FORMA_PRIMEIRA_TURMA_RESTAURATIVA__CABECA.mp3,data\processed\JORNAIS_DIVIDIDOS\JORNAIS_DIVIDIDOS\NJUD 1915,26/04/2026,sem_num_csv,Data existe no CSV mas sem Programa_Projetado
F:\Projetos\DIVISOR\data\processed\JORNAIS_DIVIDIDOS\JORNAIS_DIVIDIDOS\NJUD 1915\BOLETIM_RADIO_TJRN_26_04_2026_B10_ESMARN_FORMA_PRIMEIRA_TURMA_RESTAURATIVA__CORPO.mp3,data\processed\JORNAIS_DIVIDIDOS\JORNAIS_DIVIDIDOS\NJUD 1915,26/04/2026,sem_num_csv,Data existe no CSV mas sem Programa_Projetado
F:\Projetos\DIVISOR\data\processed\JORNAIS_DIVIDIDOS\JORNAIS_DIVIDIDOS\NJUD 1915\BOLETIM_RADIO_TJRN_26_04_2026_B7_TJRN_TURMA_JURISPRUDENCIA__CABECA.mp3,data\processed\JORNAIS_DIVIDIDOS\JORNAIS_DIVIDIDOS\NJUD 1915,26/04/2026,sem_num_csv,Data existe no CSV mas sem Programa_Projetado
F:\Projetos\DIVISOR\data\processed\JORNAIS_DIVIDIDOS\JORNAIS_DIVIDIDOS\NJUD 1915\BOLETIM_RADIO_TJRN_26_04_2026_B7_TJRN_TURMA_JURISPRUDENCIA__CORPO.mp3,data\processed\JORNAIS_DIVIDIDOS\JORNAIS_DIVIDIDOS\NJUD 1915,26/04/2026,sem_num_csv,Data existe no CSV mas sem Programa_Projetado
F:\Projetos\DIVISOR\data\processed\JORNAIS_DIVIDIDOS\JORNAIS_DIVIDIDOS\NJUD 1915\BOLETIM_RADIO_TJRN_26_04_2026_B8_TJRN_INSTALA_PONTO_COLETA_CABECA.mp3,data\processed\JORNAIS_DIVIDIDOS\JORNAIS_DIVIDIDOS\NJUD 1915,26/04/2026,sem_num_csv,Data existe no CSV mas sem Programa_Projetado
F:\Projetos\DIVISOR\data\processed\JORNAIS_DIVIDIDOS\JORNAIS_DIVIDIDOS\NJUD 1915\BOLETIM_RADIO_TJRN_26_04_2026_B8_TJRN_INSTALA_PONTO_COLETA_CORPO.mp3,data\processed\JORNAIS_DIVIDIDOS\JORNAIS_DIVIDIDOS\NJUD 1915,26/04/2026,sem_num_csv,Data existe no CSV mas sem Programa_Projetado
F:\Projetos\DIVISOR\data\processed\JORNAIS_DIVIDIDOS\JORNAIS_DIVIDIDOS\NJUD 1915\BOLETIM_RADIO_TJRN_26_04_2026_B9_TJRN_EXTINGUE_COBRANCA_CAMPO_REDONDO__CABECA.mp3,data\processed\JORNAIS_DIVIDIDOS\JORNAIS_DIVIDIDOS\NJUD 1915,26/04/2026,sem_num_csv,Data existe no CSV mas sem Programa_Projetado
F:\Projetos\DIVISOR\data\processed\JORNAIS_DIVIDIDOS\JORNAIS_DIVIDIDOS\NJUD 1915\BOLETIM_RADIO_TJRN_26_04_2026_B9_TJRN_EXTINGUE_COBRANCA_CAMPO_REDONDO__CORPO.mp3,data\processed\JORNAIS_DIVIDIDOS\JORNAIS_DIVIDIDOS\NJUD 1915,26/04/2026,sem_num_csv,Data existe no CSV mas sem Programa_Projetado
F:\Projetos\DIVISOR\data\processed\JORNAIS_DIVIDIDOS_JUN_JUL_AGO_2026\BOLETIM_RADIO_TJRN_26_01_2027_B1_TJRN_SESSAO_ORDINARIA_18_CABECA.mp3,data\processed\JORNAIS_DIVIDIDOS_JUN_JUL_AGO_2026,26/01/2027,sem_num_csv,Data existe no CSV mas sem Programa_Projetado
F:\Projetos\DIVISOR\data\processed\JORNAIS_DIVIDIDOS_JUN_JUL_AGO_2026\BOLETIM_RADIO_TJRN_26_01_2027_B1_TJRN_SESSAO_ORDINARIA_18_CORPO.mp3,data\processed\JORNAIS_DIVIDIDOS_JUN_JUL_AGO_2026,26/01/2027,sem_num_csv,Data existe no CSV mas sem Programa_Projetado
F:\Projetos\DIVISOR\data\processed\JORNAIS_DIVIDIDOS_JUN_JUL_AGO_2026\BOLETIM_RADIO_TJRN_26_01_2027_B2_TJRN_HOMENAGEADOS_TRIBUNAL_CABECA.mp3,data\processed\JORNAIS_DIVIDIDOS_JUN_JUL_AGO_2026,26/01/2027,sem_num_csv,Data existe no CSV mas sem Programa_Projetado
F:\Projetos\DIVISOR\data\processed\JORNAIS_DIVIDIDOS_JUN_JUL_AGO_2026\BOLETIM_RADIO_TJRN_26_01_2027_B2_TJRN_HOMENAGEADOS_TRIBUNAL_CORPO.mp3,data\processed\JORNAIS_DIVIDIDOS_JUN_JUL_AGO_2026,26/01/2027,sem_num_csv,Data existe no CSV mas sem Programa_Projetado
F:\Projetos\DIVISOR\data\processed\JORNAIS_DIVIDIDOS_JUN_JUL_AGO_2026\BOLETIM_RADIO_TJRN_26_01_2027_B3_TJRN_30_PERSONALIDADES_MEDALHA__CABECA.mp3,data\processed\JORNAIS_DIVIDIDOS_JUN_JUL_AGO_2026,26/01/2027,sem_num_csv,Data existe no CSV mas sem Programa_Projetado
F:\Projetos\DIVISOR\data\processed\JORNAIS_DIVIDIDOS_JUN_JUL_AGO_2026\BOLETIM_RADIO_TJRN_26_01_2027_B3_TJRN_30_PERSONALIDADES_MEDALHA__CORPO.mp3,data\processed\JORNAIS_DIVIDIDOS_JUN_JUL_AGO_2026,26/01/2027,sem_num_csv,Data existe no CSV mas sem Programa_Projetado
F:\Projetos\DIVISOR\data\processed\JORNAIS_DIVIDIDOS_JUN_JUL_AGO_2026\BOLETIM_RADIO_TJRN_26_01_2027_B4_TJRN_PLATAFORMA_INDENIZADA__CABECA.mp3,data\processed\JORNAIS_DIVIDIDOS_JUN_JUL_AGO_2026,26/01/2027,sem_num_csv,Data existe no CSV mas sem Programa_Projetado
F:\Projetos\DIVISOR\data\processed\JORNAIS_DIVIDIDOS_JUN_JUL_AGO_2026\BOLETIM_RADIO_TJRN_26_01_2027_B4_TJRN_PLATAFORMA_INDENIZADA__CORPO.mp3,data\processed\JORNAIS_DIVIDIDOS_JUN_JUL_AGO_2026,26/01/2027,sem_num_csv,Data existe no CSV mas sem Programa_Projetado
F:\Projetos\DIVISOR\data\processed\JORNAIS_DIVIDIDOS_JUN_JUL_AGO_2026\BOLETIM_RADIO_TJRN_26_02_2027_B1_TJRN_TJES_OBRA_EDITORIAL_135_ANOS_CABECA.mp3,data\processed\JORNAIS_DIVIDIDOS_JUN_JUL_AGO_2026,26/02/2027,sem_num_csv,Data existe no CSV mas sem Programa_Projetado
F:\Projetos\DIVISOR\data\processed\JORNAIS_DIVIDIDOS_JUN_JUL_AGO_2026\BOLETIM_RADIO_TJRN_26_02_2027_B1_TJRN_TJES_OBRA_EDITORIAL_135_ANOS_CORPO.mp3,data\processed\JORNAIS_DIVIDIDOS_JUN_JUL_AGO_2026,26/02/2027,sem_num_csv,Data existe no CSV mas sem Programa_Projetado
F:\Projetos\DIVISOR\data\processed\JORNAIS_DIVIDIDOS_JUN_JUL_AGO_2026\BOLETIM_RADIO_TJRN_26_02_2027_B2_TJRN_PAI_CONDENADO_MOTOCICLETA_CABECA.mp3,data\processed\JORNAIS_DIVIDIDOS_JUN_JUL_AGO_2026,26/02/2027,sem_num_csv,Data existe no CSV mas sem Programa_Projetado
F:\Projetos\DIVISOR\data\processed\JORNAIS_DIVIDIDOS_JUN_JUL_AGO_2026\BOLETIM_RADIO_TJRN_26_02_2027_B2_TJRN_PAI_CONDENADO_MOTOCICLETA_CORPO.mp3,data\processed\JORNAIS_DIVIDIDOS_JUN_JUL_AGO_2026,26/02/2027,sem_num_csv,Data existe no CSV mas sem Programa_Projetado
F:\Projetos\DIVISOR\data\processed\JORNAIS_DIVIDIDOS_JUN_JUL_AGO_2026\BOLETIM_RADIO_TJRN_26_02_2027_B3_TJRN_NEGATIVACAO_DEVEDORES_NOTIFICACAO__CABECA.mp3,data\processed\JORNAIS_DIVIDIDOS_JUN_JUL_AGO_2026,26/02/2027,sem_num_csv,Data existe no CSV mas sem Programa_Projetado
F:\Projetos\DIVISOR\data\processed\JORNAIS_DIVIDIDOS_JUN_JUL_AGO_2026\BOLETIM_RADIO_TJRN_26_02_2027_B3_TJRN_NEGATIVACAO_DEVEDORES_NOTIFICACAO__CORPO.mp3,data\processed\JORNAIS_DIVIDIDOS_JUN_JUL_AGO_2026,26/02/2027,sem_num_csv,Data existe no CSV mas sem Programa_Projetado
F:\Projetos\DIVISOR\data\processed\JORNAIS_DIVIDIDOS_JUN_JUL_AGO_2026\BOLETIM_RADIO_TJRN_26_02_2027_B4_TJRN_REGRA_TRANSICAO_PROGRESSAO_FUNCIONAL__CABECA.mp3,data\processed\JORNAIS_DIVIDIDOS_JUN_JUL_AGO_2026,26/02/2027,sem_num_csv,Data existe no CSV mas sem Programa_Projetado
F:\Projetos\DIVISOR\data\processed\JORNAIS_DIVIDIDOS_JUN_JUL_AGO_2026\BOLETIM_RADIO_TJRN_26_02_2027_B4_TJRN_REGRA_TRANSICAO_PROGRESSAO_FUNCIONAL__CORPO.mp3,data\processed\JORNAIS_DIVIDIDOS_JUN_JUL_AGO_2026,26/02/2027,sem_num_csv,Data existe no CSV mas sem Programa_Projetado
F:\Projetos\DIVISOR\data\processed\JORNAIS_DIVIDIDOS_JUN_JUL_AGO_2026\BOLETIM_RADIO_TJRN_26_04_2026_B10_DPERN_FAMILIAS_SUSPENSAO_DESOCUPACAO_CABECA.mp3,data\processed\JORNAIS_DIVIDIDOS_JUN_JUL_AGO_2026,26/04/2026,sem_num_csv,Data existe no CSV mas sem Programa_Projetado
F:\Projetos\DIVISOR\data\processed\JORNAIS_DIVIDIDOS_JUN_JUL_AGO_2026\BOLETIM_RADIO_TJRN_26_04_2026_B10_DPERN_FAMILIAS_SUSPENSAO_DESOCUPACAO_CORPO.mp3,data\processed\JORNAIS_DIVIDIDOS_JUN_JUL_AGO_2026,26/04/2026,sem_num_csv,Data existe no CSV mas sem Programa_Projetado
F:\Projetos\DIVISOR\data\processed\JORNAIS_DIVIDIDOS_JUN_JUL_AGO_2026\BOLETIM_RADIO_TJRN_26_04_2026_B10_TRERN_SISTEMA_DE_DENUNCIAS__CABECA.mp3,data\processed\JORNAIS_DIVIDIDOS_JUN_JUL_AGO_2026,26/04/2026,sem_num_csv,Data existe no CSV mas sem Programa_Projetado
F:\Projetos\DIVISOR\data\processed\JORNAIS_DIVIDIDOS_JUN_JUL_AGO_2026\BOLETIM_RADIO_TJRN_26_04_2026_B10_TRERN_SISTEMA_DE_DENUNCIAS__CORPO.mp3,data\processed\JORNAIS_DIVIDIDOS_JUN_JUL_AGO_2026,26/04/2026,sem_num_csv,Data existe no CSV mas sem Programa_Projetado
F:\Projetos\DIVISOR\data\processed\JORNAIS_DIVIDIDOS_JUN_JUL_AGO_2026\BOLETIM_RADIO_TJRN_26_04_2026_B1_TJRN_CAICO_INTERINO_OFICIO_UNICO__CORPO.mp3,data\processed\JORNAIS_DIVIDIDOS_JUN_JUL_AGO_2026,26/04/2026,sem_num_csv,Data existe no CSV mas sem Programa_Projetado
F:\Projetos\DIVISOR\data\processed\JORNAIS_DIVIDIDOS_JUN_JUL_AGO_2026\BOLETIM_RADIO_TJRN_26_04_2026_B1_TJRN_SECRETARIA_AUDITORIA_INTERNA_FORUM__CABECA.mp3,data\processed\JORNAIS_DIVIDIDOS_JUN_JUL_AGO_2026,26/04/2026,sem_num_csv,Data existe no CSV mas sem Programa_Projetado
F:\Projetos\DIVISOR\data\processed\JORNAIS_DIVIDIDOS_JUN_JUL_AGO_2026\BOLETIM_RADIO_TJRN_26_04_2026_B1_TJRN_SECRETARIA_AUDITORIA_INTERNA_FORUM__CORPO.mp3,data\processed\JORNAIS_DIVIDIDOS_JUN_JUL_AGO_2026,26/04/2026,sem_num_csv,Data existe no CSV mas sem Programa_Projetado
F:\Projetos\DIVISOR\data\processed\JORNAIS_DIVIDIDOS_JUN_JUL_AGO_2026\BOLETIM_RADIO_TJRN_26_04_2026_B1_TJRN_VICE_PRESIDENCIA_PROCESSO_SELETIVO__CABECA.mp3,data\processed\JORNAIS_DIVIDIDOS_JUN_JUL_AGO_2026,26/04/2026,sem_num_csv,Data existe no CSV mas sem Programa_Projetado
F:\Projetos\DIVISOR\data\processed\JORNAIS_DIVIDIDOS_JUN_JUL_AGO_2026\BOLETIM_RADIO_TJRN_26_04_2026_B1_TJRN_VICE_PRESIDENCIA_PROCESSO_SELETIVO__CORPO.mp3,data\processed\JORNAIS_DIVIDIDOS_JUN_JUL_AGO_2026,26/04/2026,sem_num_csv,Data existe no CSV mas sem Programa_Projetado
F:\Projetos\DIVISOR\data\processed\JORNAIS_DIVIDIDOS_JUN_JUL_AGO_2026\BOLETIM_RADIO_TJRN_26_04_2026_B2_TJRN_COMARCA_AREIA_BRANCA_REPONSAVEL_INTERINO__CABECA.mp3,data\processed\JORNAIS_DIVIDIDOS_JUN_JUL_AGO_2026,26/04/2026,sem_num_csv,Data existe no CSV mas sem Programa_Projetado
F:\Projetos\DIVISOR\data\processed\JORNAIS_DIVIDIDOS_JUN_JUL_AGO_2026\BOLETIM_RADIO_TJRN_26_04_2026_B2_TJRN_COMARCA_AREIA_BRANCA_REPONSAVEL_INTERINO__CORPO.mp3,data\processed\JORNAIS_DIVIDIDOS_JUN_JUL_AGO_2026,26/04/2026,sem_num_csv,Data existe no CSV mas sem Programa_Projetado
F:\Projetos\DIVISOR\data\processed\JORNAIS_DIVIDIDOS_JUN_JUL_AGO_2026\BOLETIM_RADIO_TJRN_26_04_2026_B2_TJRN_CONQUISTA_PRIMEIRO_LUGAR_CONBRASCOM_NJUD_1929_CABECA.mp3,data\processed\JORNAIS_DIVIDIDOS_JUN_JUL_AGO_2026,26/04/2026,sem_num_csv,Data existe no CSV mas sem Programa_Projetado
F:\Projetos\DIVISOR\data\processed\JORNAIS_DIVIDIDOS_JUN_JUL_AGO_2026\BOLETIM_RADIO_TJRN_26_04_2026_B2_TJRN_CONQUISTA_PRIMEIRO_LUGAR_CONBRASCOM_NJUD_1929_CORPO.mp3,data\processed\JORNAIS_DIVIDIDOS_JUN_JUL_AGO_2026,26/04/2026,sem_num_csv,Data existe no CSV mas sem Programa_Projetado
F:\Projetos\DIVISOR\data\processed\JORNAIS_DIVIDIDOS_JUN_JUL_AGO_2026\BOLETIM_RADIO_TJRN_26_04_2026_B3_TJRN_CORREGEDORIA_GERAL_RETOMA_CORREICOES_NJUD_1924_CABECA.mp3,data\processed\JORNAIS_DIVIDIDOS_JUN_JUL_AGO_2026,26/04/2026,sem_num_csv,Data existe no CSV mas sem Programa_Projetado
F:\Projetos\DIVISOR\data\processed\JORNAIS_DIVIDIDOS_JUN_JUL_AGO_2026\BOLETIM_RADIO_TJRN_26_04_2026_B3_TJRN_CORREGEDORIA_GERAL_RETOMA_CORREICOES_NJUD_1924_CORPO.mp3,data\processed\JORNAIS_DIVIDIDOS_JUN_JUL_AGO_2026,26/04/2026,sem_num_csv,Data existe no CSV mas sem Programa_Projetado
F:\Projetos\DIVISOR\data\processed\JORNAIS_DIVIDIDOS_JUN_JUL_AGO_2026\BOLETIM_RADIO_TJRN_26_04_2026_B3_TJRN_LOCADORA_VEICULOS_CONDENADA_NJUD_1929_CABECA.mp3,data\processed\JORNAIS_DIVIDIDOS_JUN_JUL_AGO_2026,26/04/2026,sem_num_csv,Data existe no CSV mas sem Programa_Projetado
F:\Projetos\DIVISOR\data\processed\JORNAIS_DIVIDIDOS_JUN_JUL_AGO_2026\BOLETIM_RADIO_TJRN_26_04_2026_B3_TJRN_LOCADORA_VEICULOS_CONDENADA_NJUD_1929_CORPO.mp3,data\processed\JORNAIS_DIVIDIDOS_JUN_JUL_AGO_2026,26/04/2026,sem_num_csv,Data existe no CSV mas sem Programa_Projetado
F:\Projetos\DIVISOR\data\processed\JORNAIS_DIVIDIDOS_JUN_JUL_AGO_2026\BOLETIM_RADIO_TJRN_26_04_2026_B3_TJRN_MISSAO_PENA_JUSTA_CORPO.mp3,data\processed\JORNAIS_DIVIDIDOS_JUN_JUL_AGO_2026,26/04/2026,sem_num_csv,Data existe no CSV mas sem Programa_Projetado
F:\Projetos\DIVISOR\data\processed\JORNAIS_DIVIDIDOS_JUN_JUL_AGO_2026\BOLETIM_RADIO_TJRN_26_05_2027_B1_TJRN_VARA_UNICA_ACARI_PROJETOS_SOCIAIS__CABECA.mp3,data\processed\JORNAIS_DIVIDIDOS_JUN_JUL_AGO_2026,26/05/2027,sem_num_csv,Data existe no CSV mas sem Programa_Projetado
F:\Projetos\DIVISOR\data\processed\JORNAIS_DIVIDIDOS_JUN_JUL_AGO_2026\BOLETIM_RADIO_TJRN_26_05_2027_B1_TJRN_VARA_UNICA_ACARI_PROJETOS_SOCIAIS__CORPO.mp3,data\processed\JORNAIS_DIVIDIDOS_JUN_JUL_AGO_2026,26/05/2027,sem_num_csv,Data existe no CSV mas sem Programa_Projetado
F:\Projetos\DIVISOR\data\processed\JORNAIS_DIVIDIDOS_JUN_JUL_AGO_2026\BOLETIM_RADIO_TJRN_26_05_2027_B2_TJRN_PAGAMENTOS_FEITOS_MAGISTRADOS__CABECA.mp3,data\processed\JORNAIS_DIVIDIDOS_JUN_JUL_AGO_2026,26/05/2027,sem_num_csv,Data existe no CSV mas sem Programa_Projetado
F:\Projetos\DIVISOR\data\processed\JORNAIS_DIVIDIDOS_JUN_JUL_AGO_2026\BOLETIM_RADIO_TJRN_26_05_2027_B2_TJRN_PAGAMENTOS_FEITOS_MAGISTRADOS__CORPO.mp3,data\processed\JORNAIS_DIVIDIDOS_JUN_JUL_AGO_2026,26/05/2027,sem_num_csv,Data existe no CSV mas sem Programa_Projetado
F:\Projetos\DIVISOR\data\processed\JORNAIS_DIVIDIDOS_JUN_JUL_AGO_2026\BOLETIM_RADIO_TJRN_26_05_2027_B3_TJRN_BANCO_NAO_COMPROVA_CONTRATO_CABECA.mp3,data\processed\JORNAIS_DIVIDIDOS_JUN_JUL_AGO_2026,26/05/2027,sem_num_csv,Data existe no CSV mas sem Programa_Projetado
F:\Projetos\DIVISOR\data\processed\JORNAIS_DIVIDIDOS_JUN_JUL_AGO_2026\BOLETIM_RADIO_TJRN_26_05_2027_B3_TJRN_BANCO_NAO_COMPROVA_CONTRATO_CORPO.mp3,data\processed\JORNAIS_DIVIDIDOS_JUN_JUL_AGO_2026,26/05/2027,sem_num_csv,Data existe no CSV mas sem Programa_Projetado
F:\Projetos\DIVISOR\data\processed\JORNAIS_DIVIDIDOS_JUN_JUL_AGO_2026\BOLETIM_RADIO_TJRN_26_05_2027_B4_TJRN_GMF_VAGA_ESTAGIO_CABECA.mp3,data\processed\JORNAIS_DIVIDIDOS_JUN_JUL_AGO_2026,26/05/2027,sem_num_csv,Data existe no CSV mas sem Programa_Projetado
F:\Projetos\DIVISOR\data\processed\JORNAIS_DIVIDIDOS_JUN_JUL_AGO_2026\BOLETIM_RADIO_TJRN_26_05_2027_B4_TJRN_GMF_VAGA_ESTAGIO_CORPO.mp3,data\processed\JORNAIS_DIVIDIDOS_JUN_JUL_AGO_2026,26/05/2027,sem_num_csv,Data existe no CSV mas sem Programa_Projetado
F:\Projetos\DIVISOR\data\processed\JORNAIS_DIVIDIDOS_JUN_JUL_AGO_2026\BOLETIM_RADIO_TJRN_26_07_2026_B10_TCERN_COMISSAO_PLANO_SEGURANCA_INSTITUCIONAL__CABECA.mp3,data\processed\JORNAIS_DIVIDIDOS_JUN_JUL_AGO_2026,26/07/2026,sem_num_csv,Data existe no CSV mas sem Programa_Projetado
F:\Projetos\DIVISOR\data\processed\JORNAIS_DIVIDIDOS_JUN_JUL_AGO_2026\BOLETIM_RADIO_TJRN_26_07_2026_B10_TCERN_COMISSAO_PLANO_SEGURANCA_INSTITUCIONAL__CORPO.mp3,data\processed\JORNAIS_DIVIDIDOS_JUN_JUL_AGO_2026,26/07/2026,sem_num_csv,Data existe no CSV mas sem Programa_Projetado
F:\Projetos\DIVISOR\data\processed\JORNAIS_DIVIDIDOS_JUN_JUL_AGO_2026\BOLETIM_RADIO_TJRN_26_07_2026_B10_TRE_SISTEMA_STAR_PREMIO_CJN_CABECA.mp3,data\processed\JORNAIS_DIVIDIDOS_JUN_JUL_AGO_2026,26/07/2026,sem_num_csv,Data existe no CSV mas sem Programa_Projetado
F:\Projetos\DIVISOR\data\processed\JORNAIS_DIVIDIDOS_JUN_JUL_AGO_2026\BOLETIM_RADIO_TJRN_26_07_2026_B10_TRE_SISTEMA_STAR_PREMIO_CJN_CORPO.mp3,data\processed\JORNAIS_DIVIDIDOS_JUN_JUL_AGO_2026,26/07/2026,sem_num_csv,Data existe no CSV mas sem Programa_Projetado
F:\Projetos\DIVISOR\data\processed\JORNAIS_DIVIDIDOS_JUN_JUL_AGO_2026\BOLETIM_RADIO_TJRN_26_07_2026_B10_TRTRN_CEJUS_NATAL_ACORDO_EMPRESA_CONCECAO__CORPO.mp3,data\processed\JORNAIS_DIVIDIDOS_JUN_JUL_AGO_2026,26/07/2026,sem_num_csv,Data existe no CSV mas sem Programa_Projetado
F:\Projetos\DIVISOR\data\processed\JORNAIS_DIVIDIDOS_JUN_JUL_AGO_2026\BOLETIM_RADIO_TJRN_26_07_2026_B1_REGRESSAO_REGIME_FUGA_NJUD_1927_CABECA.mp3,data\processed\JORNAIS_DIVIDIDOS_JUN_JUL_AGO_2026,26/07/2026,sem_num_csv,Data existe no CSV mas sem Programa_Projetado
F:\Projetos\DIVISOR\data\processed\JORNAIS_DIVIDIDOS_JUN_JUL_AGO_2026\BOLETIM_RADIO_TJRN_26_07_2026_B1_REGRESSAO_REGIME_FUGA_NJUD_1927_CORPO.mp3,data\processed\JORNAIS_DIVIDIDOS_JUN_JUL_AGO_2026,26/07/2026,sem_num_csv,Data existe no CSV mas sem Programa_Projetado
F:\Projetos\DIVISOR\data\processed\JORNAIS_DIVIDIDOS_JUN_JUL_AGO_2026\BOLETIM_RADIO_TJRN_26_07_2026_B1_TJRJ_SUPERLOTACAO_PRESIDIOS_NJUD_1932_CABECA.mp3,data\processed\JORNAIS_DIVIDIDOS_JUN_JUL_AGO_2026,26/07/2026,sem_num_csv,Data existe no CSV mas sem Programa_Projetado
F:\Projetos\DIVISOR\data\processed\JORNAIS_DIVIDIDOS_JUN_JUL_AGO_2026\BOLETIM_RADIO_TJRN_26_07_2026_B1_TJRJ_SUPERLOTACAO_PRESIDIOS_NJUD_1932_CORPO.mp3,data\processed\JORNAIS_DIVIDIDOS_JUN_JUL_AGO_2026,26/07/2026,sem_num_csv,Data existe no CSV mas sem Programa_Projetado
F:\Projetos\DIVISOR\data\processed\JORNAIS_DIVIDIDOS_JUN_JUL_AGO_2026\BOLETIM_RADIO_TJRN_26_07_2026_B2_INDENIZACAO_ACIDENTE_TRANSITO_NJUD_1927_CABECA.mp3,data\processed\JORNAIS_DIVIDIDOS_JUN_JUL_AGO_2026,26/07/2026,sem_num_csv,Data existe no CSV mas sem Programa_Projetado
F:\Projetos\DIVISOR\data\processed\JORNAIS_DIVIDIDOS_JUN_JUL_AGO_2026\BOLETIM_RADIO_TJRN_26_07_2026_B2_INDENIZACAO_ACIDENTE_TRANSITO_NJUD_1927_CORPO.mp3,data\processed\JORNAIS_DIVIDIDOS_JUN_JUL_AGO_2026,26/07/2026,sem_num_csv,Data existe no CSV mas sem Programa_Projetado
F:\Projetos\DIVISOR\data\processed\JORNAIS_DIVIDIDOS_JUN_JUL_AGO_2026\BOLETIM_RADIO_TJRN_26_07_2026_B2_TJRN_SELECAO_DIREITO_GABINETES_CABECA.mp3,data\processed\JORNAIS_DIVIDIDOS_JUN_JUL_AGO_2026,26/07/2026,sem_num_csv,Data existe no CSV mas sem Programa_Projetado
F:\Projetos\DIVISOR\data\processed\JORNAIS_DIVIDIDOS_JUN_JUL_AGO_2026\BOLETIM_RADIO_TJRN_26_07_2026_B2_TJRN_SELECAO_DIREITO_GABINETES_CORPO.mp3,data\processed\JORNAIS_DIVIDIDOS_JUN_JUL_AGO_2026,26/07/2026,sem_num_csv,Data existe no CSV mas sem Programa_Projetado
F:\Projetos\DIVISOR\data\processed\JORNAIS_DIVIDIDOS_JUN_JUL_AGO_2026\BOLETIM_RADIO_TJRN_26_07_2026_B3_IMPROBIDADE_BANDAS_SAO_JOSE_MIPIBU_NJUD_1927_CABECA.mp3,data\processed\JORNAIS_DIVIDIDOS_JUN_JUL_AGO_2026,26/07/2026,sem_num_csv,Data existe no CSV mas sem Programa_Projetado
F:\Projetos\DIVISOR\data\processed\JORNAIS_DIVIDIDOS_JUN_JUL_AGO_2026\BOLETIM_RADIO_TJRN_26_07_2026_B3_IMPROBIDADE_BANDAS_SAO_JOSE_MIPIBU_NJUD_1927_CORPO.mp3,data\processed\JORNAIS_DIVIDIDOS_JUN_JUL_AGO_2026,26/07/2026,sem_num_csv,Data existe no CSV mas sem Programa_Projetado
F:\Projetos\DIVISOR\data\processed\JORNAIS_DIVIDIDOS_JUN_JUL_AGO_2026\BOLETIM_RADIO_TJRN_26_07_2026_B3_TJRN_CAPOTAMENTO_CAUSADO_SINAL_NJUD_1932_CABECA.mp3,data\processed\JORNAIS_DIVIDIDOS_JUN_JUL_AGO_2026,26/07/2026,sem_num_csv,Data existe no CSV mas sem Programa_Projetado
F:\Projetos\DIVISOR\data\processed\JORNAIS_DIVIDIDOS_JUN_JUL_AGO_2026\BOLETIM_RADIO_TJRN_26_07_2026_B3_TJRN_CAPOTAMENTO_CAUSADO_SINAL_NJUD_1932_CORPO.mp3,data\processed\JORNAIS_DIVIDIDOS_JUN_JUL_AGO_2026,26/07/2026,sem_num_csv,Data existe no CSV mas sem Programa_Projetado
F:\Projetos\DIVISOR\data\processed\JORNAIS_DIVIDIDOS_JUN_JUL_AGO_2026\BOLETIM_RADIO_TJRN_26_07_2026_B3_TJRN_COMARCA_ALMINO_AFONSO_TABELIAO__CORPO.mp3,data\processed\JORNAIS_DIVIDIDOS_JUN_JUL_AGO_2026,26/07/2026,sem_num_csv,Data existe no CSV mas sem Programa_Projetado
F:\Projetos\DIVISOR\data\processed\JORNAIS_DIVIDIDOS_JUN_JUL_AGO_2026\BOLETIM_RADIO_TJRN_26_09_2026_B10_TRTRN_ASSEDIO_ELEITORAL__CABECA.mp3,data\processed\JORNAIS_DIVIDIDOS_JUN_JUL_AGO_2026,26/09/2026,sem_num_csv,Data existe no CSV mas sem Programa_Projetado
F:\Projetos\DIVISOR\data\processed\JORNAIS_DIVIDIDOS_JUN_JUL_AGO_2026\BOLETIM_RADIO_TJRN_26_09_2026_B10_TRTRN_ASSEDIO_ELEITORAL__CORPO.mp3,data\processed\JORNAIS_DIVIDIDOS_JUN_JUL_AGO_2026,26/09/2026,sem_num_csv,Data existe no CSV mas sem Programa_Projetado
F:\Projetos\DIVISOR\data\processed\JORNAIS_DIVIDIDOS_JUN_JUL_AGO_2026\BOLETIM_RADIO_TJRN_26_09_2026_B1_TJ_ACADEMICO_PLENO_NJUD__CABECA.mp3,data\processed\JORNAIS_DIVIDIDOS_JUN_JUL_AGO_2026,26/09/2026,sem_num_csv,Data existe no CSV mas sem Programa_Projetado
F:\Projetos\DIVISOR\data\processed\JORNAIS_DIVIDIDOS_JUN_JUL_AGO_2026\BOLETIM_RADIO_TJRN_26_09_2026_B1_TJ_ACADEMICO_PLENO_NJUD__CORPO.mp3,data\processed\JORNAIS_DIVIDIDOS_JUN_JUL_AGO_2026,26/09/2026,sem_num_csv,Data existe no CSV mas sem Programa_Projetado
F:\Projetos\DIVISOR\data\processed\JORNAIS_DIVIDIDOS_JUN_JUL_AGO_2026\BOLETIM_RADIO_TJRN_26_09_2026_B2_INDENIZACAO_CONSUMO_AGUA_NJUD__CABECA.mp3,data\processed\JORNAIS_DIVIDIDOS_JUN_JUL_AGO_2026,26/09/2026,sem_num_csv,Data existe no CSV mas sem Programa_Projetado
F:\Projetos\DIVISOR\data\processed\JORNAIS_DIVIDIDOS_JUN_JUL_AGO_2026\BOLETIM_RADIO_TJRN_26_09_2026_B2_INDENIZACAO_CONSUMO_AGUA_NJUD__CORPO.mp3,data\processed\JORNAIS_DIVIDIDOS_JUN_JUL_AGO_2026,26/09/2026,sem_num_csv,Data existe no CSV mas sem Programa_Projetado
F:\Projetos\DIVISOR\data\processed\JORNAIS_DIVIDIDOS_JUN_JUL_AGO_2026\BOLETIM_RADIO_TJRN_26_09_2026_B3_ACIDENTE_MOTORISTA_EMBRIAGADO_NJUD__CABECA.mp3,data\processed\JORNAIS_DIVIDIDOS_JUN_JUL_AGO_2026,26/09/2026,sem_num_csv,Data existe no CSV mas sem Programa_Projetado
F:\Projetos\DIVISOR\data\processed\JORNAIS_DIVIDIDOS_JUN_JUL_AGO_2026\BOLETIM_RADIO_TJRN_26_09_2026_B3_ACIDENTE_MOTORISTA_EMBRIAGADO_NJUD__CORPO.mp3,data\processed\JORNAIS_DIVIDIDOS_JUN_JUL_AGO_2026,26/09/2026,sem_num_csv,Data existe no CSV mas sem Programa_Projetado
F:\Projetos\DIVISOR\data\processed\JORNAIS_DIVIDIDOS_JUN_JUL_AGO_2026\BOLETIM_RADIO_TJRN_26_09_2027_B10_TRTRN_MANUTENCAO_TECNOLOGIA_INFORMACAO__CABECA.mp3,data\processed\JORNAIS_DIVIDIDOS_JUN_JUL_AGO_2026,26/09/2027,sem_num_csv,Data existe no CSV mas sem Programa_Projetado
F:\Projetos\DIVISOR\data\processed\JORNAIS_DIVIDIDOS_JUN_JUL_AGO_2026\BOLETIM_RADIO_TJRN_26_09_2027_B10_TRTRN_MANUTENCAO_TECNOLOGIA_INFORMACAO__CORPO.mp3,data\processed\JORNAIS_DIVIDIDOS_JUN_JUL_AGO_2026,26/09/2027,sem_num_csv,Data existe no CSV mas sem Programa_Projetado
F:\Projetos\DIVISOR\data\processed\JORNAIS_DIVIDIDOS_JUN_JUL_AGO_2026\BOLETIM_RADIO_TJRN_26_09_2027_B1_TJRN_PENA_JUSTA_REGULACAO_VAGAS_NJUD_1919_CABECA.mp3,data\processed\JORNAIS_DIVIDIDOS_JUN_JUL_AGO_2026,26/09/2027,sem_num_csv,Data existe no CSV mas sem Programa_Projetado
F:\Projetos\DIVISOR\data\processed\JORNAIS_DIVIDIDOS_JUN_JUL_AGO_2026\BOLETIM_RADIO_TJRN_26_09_2027_B1_TJRN_PENA_JUSTA_REGULACAO_VAGAS_NJUD_1919_CORPO.mp3,data\processed\JORNAIS_DIVIDIDOS_JUN_JUL_AGO_2026,26/09/2027,sem_num_csv,Data existe no CSV mas sem Programa_Projetado
F:\Projetos\DIVISOR\data\processed\JORNAIS_DIVIDIDOS_JUN_JUL_AGO_2026\BOLETIM_RADIO_TJRN_26_09_2027_B2_TJRN_TURMA_RECURSAL_NEGA_INDENIZACAO_NJUD_1919_CABECA.mp3,data\processed\JORNAIS_DIVIDIDOS_JUN_JUL_AGO_2026,26/09/2027,sem_num_csv,Data existe no CSV mas sem Programa_Projetado
F:\Projetos\DIVISOR\data\processed\JORNAIS_DIVIDIDOS_JUN_JUL_AGO_2026\BOLETIM_RADIO_TJRN_26_09_2027_B2_TJRN_TURMA_RECURSAL_NEGA_INDENIZACAO_NJUD_1919_CORPO.mp3,data\processed\JORNAIS_DIVIDIDOS_JUN_JUL_AGO_2026,26/09/2027,sem_num_csv,Data existe no CSV mas sem Programa_Projetado
F:\Projetos\DIVISOR\data\processed\JORNAIS_DIVIDIDOS_JUN_JUL_AGO_2026\BOLETIM_RADIO_TJRN_26_09_2027_B3_TJRN_MANTIDA_DENUNCIA_EX_PREFEITO_MACAU_NJUD_1919_CABECA.mp3,data\processed\JORNAIS_DIVIDIDOS_JUN_JUL_AGO_2026,26/09/2027,sem_num_csv,Data existe no CSV mas sem Programa_Projetado
F:\Projetos\DIVISOR\data\processed\JORNAIS_DIVIDIDOS_JUN_JUL_AGO_2026\BOLETIM_RADIO_TJRN_26_09_2027_B3_TJRN_MANTIDA_DENUNCIA_EX_PREFEITO_MACAU_NJUD_1919_CORPO.mp3,data\processed\JORNAIS_DIVIDIDOS_JUN_JUL_AGO_2026,26/09/2027,sem_num_csv,Data existe no CSV mas sem Programa_Projetado
F:\Projetos\DIVISOR\data\processed\JORNAIS_DIVIDIDOS_JUN_JUL_AGO_2026\BOLETIM_RADIO_TJRN_26_10_2027_B10_ESMARN_ETICA_JUDICIAL_NOVA_FORMACAO_CABECA.mp3,data\processed\JORNAIS_DIVIDIDOS_JUN_JUL_AGO_2026,26/10/2027,sem_num_csv,Data existe no CSV mas sem Programa_Projetado
F:\Projetos\DIVISOR\data\processed\JORNAIS_DIVIDIDOS_JUN_JUL_AGO_2026\BOLETIM_RADIO_TJRN_26_10_2027_B10_ESMARN_ETICA_JUDICIAL_NOVA_FORMACAO_CORPO.mp3,data\processed\JORNAIS_DIVIDIDOS_JUN_JUL_AGO_2026,26/10/2027,sem_num_csv,Data existe no CSV mas sem Programa_Projetado
F:\Projetos\DIVISOR\data\processed\JORNAIS_DIVIDIDOS_JUN_JUL_AGO_2026\BOLETIM_RADIO_TJRN_26_10_2027_B1_TJRN_PRESOS_EGRESSOS_DO_SISTEMA_NJUD_1920_CABECA.mp3,data\processed\JORNAIS_DIVIDIDOS_JUN_JUL_AGO_2026,26/10/2027,sem_num_csv,Data existe no CSV mas sem Programa_Projetado
F:\Projetos\DIVISOR\data\processed\JORNAIS_DIVIDIDOS_JUN_JUL_AGO_2026\BOLETIM_RADIO_TJRN_26_10_2027_B1_TJRN_PRESOS_EGRESSOS_DO_SISTEMA_NJUD_1920_CORPO.mp3,data\processed\JORNAIS_DIVIDIDOS_JUN_JUL_AGO_2026,26/10/2027,sem_num_csv,Data existe no CSV mas sem Programa_Projetado
F:\Projetos\DIVISOR\data\processed\JORNAIS_DIVIDIDOS_JUN_JUL_AGO_2026\BOLETIM_RADIO_TJRN_26_10_2027_B2_TJRN_CENTRAL_REGULACAO_VAGAS__CABECA.mp3,data\processed\JORNAIS_DIVIDIDOS_JUN_JUL_AGO_2026,26/10/2027,sem_num_csv,Data existe no CSV mas sem Programa_Projetado
F:\Projetos\DIVISOR\data\processed\JORNAIS_DIVIDIDOS_JUN_JUL_AGO_2026\BOLETIM_RADIO_TJRN_26_10_2027_B2_TJRN_CENTRAL_REGULACAO_VAGAS__CORPO.mp3,data\processed\JORNAIS_DIVIDIDOS_JUN_JUL_AGO_2026,26/10/2027,sem_num_csv,Data existe no CSV mas sem Programa_Projetado
F:\Projetos\DIVISOR\data\processed\JORNAIS_DIVIDIDOS_JUN_JUL_AGO_2026\BOLETIM_RADIO_TJRN_26_10_2027_B3_TJRN_GESTAO_VAGAS_PRISIONAL_TEMA__CABECA.mp3,data\processed\JORNAIS_DIVIDIDOS_JUN_JUL_AGO_2026,26/10/2027,sem_num_csv,Data existe no CSV mas sem Programa_Projetado
F:\Projetos\DIVISOR\data\processed\JORNAIS_DIVIDIDOS_JUN_JUL_AGO_2026\BOLETIM_RADIO_TJRN_26_10_2027_B3_TJRN_GESTAO_VAGAS_PRISIONAL_TEMA__CORPO.mp3,data\processed\JORNAIS_DIVIDIDOS_JUN_JUL_AGO_2026,26/10/2027,sem_num_csv,Data existe no CSV mas sem Programa_Projetado
F:\Projetos\DIVISOR\data\processed\JORNAIS_DIVIDIDOS_JUN_JUL_AGO_2026\BOLETIM_RADIO_TJRN_26_11_2027_B10_TRTRN_EMPRESA_CONDENADA_ATRASOS_SALARIOS_CABECA.mp3,data\processed\JORNAIS_DIVIDIDOS_JUN_JUL_AGO_2026,26/11/2027,sem_num_csv,Data existe no CSV mas sem Programa_Projetado
F:\Projetos\DIVISOR\data\processed\JORNAIS_DIVIDIDOS_JUN_JUL_AGO_2026\BOLETIM_RADIO_TJRN_26_11_2027_B10_TRTRN_EMPRESA_CONDENADA_ATRASOS_SALARIOS_CORPO.mp3,data\processed\JORNAIS_DIVIDIDOS_JUN_JUL_AGO_2026,26/11/2027,sem_num_csv,Data existe no CSV mas sem Programa_Projetado
F:\Projetos\DIVISOR\data\processed\JORNAIS_DIVIDIDOS_JUN_JUL_AGO_2026\BOLETIM_RADIO_TJRN_26_11_2027_B1_TJRN_EXCLUSAO_INJUSTIFICADA_CONTA_APP_CABECA.mp3,data\processed\JORNAIS_DIVIDIDOS_JUN_JUL_AGO_2026,26/11/2027,sem_num_csv,Data existe no CSV mas sem Programa_Projetado
F:\Projetos\DIVISOR\data\processed\JORNAIS_DIVIDIDOS_JUN_JUL_AGO_2026\BOLETIM_RADIO_TJRN_26_11_2027_B1_TJRN_EXCLUSAO_INJUSTIFICADA_CONTA_APP_CORPO.mp3,data\processed\JORNAIS_DIVIDIDOS_JUN_JUL_AGO_2026,26/11/2027,sem_num_csv,Data existe no CSV mas sem Programa_Projetado
F:\Projetos\DIVISOR\data\processed\JORNAIS_DIVIDIDOS_JUN_JUL_AGO_2026\BOLETIM_RADIO_TJRN_26_11_2027_B2_TJRN_PARTICIPA_AUDIENCIA_PUBLICA_ASSEDIO_ELEITORAL__CABECA.mp3,data\processed\JORNAIS_DIVIDIDOS_JUN_JUL_AGO_2026,26/11/2027,sem_num_csv,Data existe no CSV mas sem Programa_Projetado
F:\Projetos\DIVISOR\data\processed\JORNAIS_DIVIDIDOS_JUN_JUL_AGO_2026\BOLETIM_RADIO_TJRN_26_11_2027_B2_TJRN_PARTICIPA_AUDIENCIA_PUBLICA_ASSEDIO_ELEITORAL__CORPO.mp3,data\processed\JORNAIS_DIVIDIDOS_JUN_JUL_AGO_2026,26/11/2027,sem_num_csv,Data existe no CSV mas sem Programa_Projetado
F:\Projetos\DIVISOR\data\processed\JORNAIS_DIVIDIDOS_JUN_JUL_AGO_2026\BOLETIM_RADIO_TJRN_26_11_2027_B3_TJRN_LOJA_CONDENADA_TROCAR_CELULAR__CABECA.mp3,data\processed\JORNAIS_DIVIDIDOS_JUN_JUL_AGO_2026,26/11/2027,sem_num_csv,Data existe no CSV mas sem Programa_Projetado
F:\Projetos\DIVISOR\data\processed\JORNAIS_DIVIDIDOS_JUN_JUL_AGO_2026\BOLETIM_RADIO_TJRN_26_11_2027_B3_TJRN_LOJA_CONDENADA_TROCAR_CELULAR__CORPO.mp3,data\processed\JORNAIS_DIVIDIDOS_JUN_JUL_AGO_2026,26/11/2027,sem_num_csv,Data existe no CSV mas sem Programa_Projetado
F:\Projetos\DIVISOR\data\processed\JORNAIS_DIVIDIDOS_JUN_JUL_AGO_2026\BOLETIM_RADIO_TJRN_26_12_2026_B10_ESMARN_CURSO_EXECUCAO_PECUNIARIAS__CABECA.mp3,data\processed\JORNAIS_DIVIDIDOS_JUN_JUL_AGO_2026,26/12/2026,sem_num_csv,Data existe no CSV mas sem Programa_Projetado
F:\Projetos\DIVISOR\data\processed\JORNAIS_DIVIDIDOS_JUN_JUL_AGO_2026\BOLETIM_RADIO_TJRN_26_12_2026_B10_ESMARN_CURSO_EXECUCAO_PECUNIARIAS__CORPO.mp3,data\processed\JORNAIS_DIVIDIDOS_JUN_JUL_AGO_2026,26/12/2026,sem_num_csv,Data existe no CSV mas sem Programa_Projetado
F:\Projetos\DIVISOR\data\processed\JORNAIS_DIVIDIDOS_JUN_JUL_AGO_2026\BOLETIM_RADIO_TJRN_26_12_2026_B1_TJRN_HOMEM_SE_PASSA_SECRETARIO_EDUCACAO__CABECA.mp3,data\processed\JORNAIS_DIVIDIDOS_JUN_JUL_AGO_2026,26/12/2026,sem_num_csv,Data existe no CSV mas sem Programa_Projetado
F:\Projetos\DIVISOR\data\processed\JORNAIS_DIVIDIDOS_JUN_JUL_AGO_2026\BOLETIM_RADIO_TJRN_26_12_2026_B1_TJRN_HOMEM_SE_PASSA_SECRETARIO_EDUCACAO__CORPO.mp3,data\processed\JORNAIS_DIVIDIDOS_JUN_JUL_AGO_2026,26/12/2026,sem_num_csv,Data existe no CSV mas sem Programa_Projetado
F:\Projetos\DIVISOR\data\processed\JORNAIS_DIVIDIDOS_JUN_JUL_AGO_2026\BOLETIM_RADIO_TJRN_26_12_2026_B2_TJRN_FAMILIA_INDENIZADA_VOO_PORTO_ALEGRE__CABECA.mp3,data\processed\JORNAIS_DIVIDIDOS_JUN_JUL_AGO_2026,26/12/2026,sem_num_csv,Data existe no CSV mas sem Programa_Projetado
F:\Projetos\DIVISOR\data\processed\JORNAIS_DIVIDIDOS_JUN_JUL_AGO_2026\BOLETIM_RADIO_TJRN_26_12_2026_B2_TJRN_FAMILIA_INDENIZADA_VOO_PORTO_ALEGRE__CORPO.mp3,data\processed\JORNAIS_DIVIDIDOS_JUN_JUL_AGO_2026,26/12/2026,sem_num_csv,Data existe no CSV mas sem Programa_Projetado
F:\Projetos\DIVISOR\data\processed\JORNAIS_DIVIDIDOS_JUN_JUL_AGO_2026\BOLETIM_RADIO_TJRN_26_12_2026_B3_TJRN_COMARCA_JARDIM_SERIDO_INTERINO__CABECA.mp3,data\processed\JORNAIS_DIVIDIDOS_JUN_JUL_AGO_2026,26/12/2026,sem_num_csv,Data existe no CSV mas sem Programa_Projetado
F:\Projetos\DIVISOR\data\processed\JORNAIS_DIVIDIDOS_JUN_JUL_AGO_2026\BOLETIM_RADIO_TJRN_26_12_2026_B3_TJRN_COMARCA_JARDIM_SERIDO_INTERINO__CORPO.mp3,data\processed\JORNAIS_DIVIDIDOS_JUN_JUL_AGO_2026,26/12/2026,sem_num_csv,Data existe no CSV mas sem Programa_Projetado
F:\Projetos\DIVISOR\data\processed\JORNAIS_DIVIDIDOS_JUN_JUL_AGO_2026\BOLETIM_RADIO_TJRN_26_12_2027_B10_MPRN_INSPECAO_UBS_EXTREMOZ__CABECA.mp3,data\processed\JORNAIS_DIVIDIDOS_JUN_JUL_AGO_2026,26/12/2027,sem_num_csv,Data existe no CSV mas sem Programa_Projetado
F:\Projetos\DIVISOR\data\processed\JORNAIS_DIVIDIDOS_JUN_JUL_AGO_2026\BOLETIM_RADIO_TJRN_26_12_2027_B10_MPRN_INSPECAO_UBS_EXTREMOZ__CORPO.mp3,data\processed\JORNAIS_DIVIDIDOS_JUN_JUL_AGO_2026,26/12/2027,sem_num_csv,Data existe no CSV mas sem Programa_Projetado
F:\Projetos\DIVISOR\data\processed\JORNAIS_DIVIDIDOS_JUN_JUL_AGO_2026\BOLETIM_RADIO_TJRN_26_12_2027_B1_TJRN_DECISAO_ANULA_ALIENACAO_CARRO__CABECA.mp3,data\processed\JORNAIS_DIVIDIDOS_JUN_JUL_AGO_2026,26/12/2027,sem_num_csv,Data existe no CSV mas sem Programa_Projetado
F:\Projetos\DIVISOR\data\processed\JORNAIS_DIVIDIDOS_JUN_JUL_AGO_2026\BOLETIM_RADIO_TJRN_26_12_2027_B1_TJRN_DECISAO_ANULA_ALIENACAO_CARRO__CORPO.mp3,data\processed\JORNAIS_DIVIDIDOS_JUN_JUL_AGO_2026,26/12/2027,sem_num_csv,Data existe no CSV mas sem Programa_Projetado
F:\Projetos\DIVISOR\data\processed\JORNAIS_DIVIDIDOS_JUN_JUL_AGO_2026\BOLETIM_RADIO_TJRN_26_12_2027_B2_TJRN_ATAQUE_RACISTA_EM_APP__CABECA.mp3,data\processed\JORNAIS_DIVIDIDOS_JUN_JUL_AGO_2026,26/12/2027,sem_num_csv,Data existe no CSV mas sem Programa_Projetado
F:\Projetos\DIVISOR\data\processed\JORNAIS_DIVIDIDOS_JUN_JUL_AGO_2026\BOLETIM_RADIO_TJRN_26_12_2027_B2_TJRN_ATAQUE_RACISTA_EM_APP__CORPO.mp3,data\processed\JORNAIS_DIVIDIDOS_JUN_JUL_AGO_2026,26/12/2027,sem_num_csv,Data existe no CSV mas sem Programa_Projetado
F:\Projetos\DIVISOR\data\processed\JORNAIS_DIVIDIDOS_JUN_JUL_AGO_2026\BOLETIM_RADIO_TJRN_26_12_2027_B3_TJRN_COMARCA_PAU_FERROS_SELECIONA_INTERINO_CABECA.mp3,data\processed\JORNAIS_DIVIDIDOS_JUN_JUL_AGO_2026,26/12/2027,sem_num_csv,Data existe no CSV mas sem Programa_Projetado
F:\Projetos\DIVISOR\data\processed\JORNAIS_DIVIDIDOS_JUN_JUL_AGO_2026\BOLETIM_RADIO_TJRN_26_12_2027_B3_TJRN_COMARCA_PAU_FERROS_SELECIONA_INTERINO_CORPO.mp3,data\processed\JORNAIS_DIVIDIDOS_JUN_JUL_AGO_2026,26/12/2027,sem_num_csv,Data existe no CSV mas sem Programa_Projetado
