MES,NJUD,BOLETIM
ABRIL,102,170
ABRIL,1849,5
ABRIL,1849,6
ABRIL,1849,7
ABRIL,1849,8
ABRIL,1849,9
ABRIL,1849,10
ABRIL,1850,1
ABRIL,1850,2
ABRIL,1850,3
ABRIL,1850,4
ABRIL,1850,9
ABRIL,1850,10
ABRIL,1851,3
ABRIL,1851,4
ABRIL,1851,5
ABRIL,1851,6
ABRIL,1851,7
ABRIL,1851,8
ABRIL,1852,1
ABRIL,1852,2
ABRIL,1852,7
ABRIL,1852,8
ABRIL,1852,9
ABRIL,1852,10
ABRIL,1853,1
ABRIL,1853,2
ABRIL,1853,3
ABRIL,1853,4
ABRIL,1853,5
ABRIL,1853,6
ABRIL,1854,5
ABRIL,1854,6
ABRIL,1854,7
ABRIL,1854,8
ABRIL,1854,9
ABRIL,1854,10
ABRIL,1855,1
ABRIL,1855,2
ABRIL,1855,3
ABRIL,1855,4
ABRIL,1855,9
ABRIL,1855,10
ABRIL,1856,3
ABRIL,1856,4
ABRIL,1856,5
ABRIL,1856,6
ABRIL,1856,7
ABRIL,1856,8
ABRIL,1857,1
ABRIL,1857,2
ABRIL,1857,7
ABRIL,1857,8
ABRIL,1857,9
ABRIL,1857,10
ABRIL,1858,1
ABRIL,1858,2
ABRIL,1858,3
ABRIL,1858,4
ABRIL,1858,5
ABRIL,1858,6
ABRIL,1859,5
ABRIL,1859,6
ABRIL,1859,7
ABRIL,1859,8
ABRIL,1859,9
ABRIL,1859,10
ABRIL,1860,1
ABRIL,1860,2
ABRIL,1860,3
ABRIL,1860,4
ABRIL,1860,9
ABRIL,1860,10
ABRIL,1861,3
ABRIL,1861,4
ABRIL,1861,5
ABRIL,1861,6
ABRIL,1861,7
ABRIL,1861,8
ABRIL,1862,1
ABRIL,1862,2
ABRIL,1862,7
ABRIL,1862,8
ABRIL,1862,9
ABRIL,1862,10
ABRIL,1863,1
ABRIL,1863,2
ABRIL,1863,3
ABRIL,1863,4
ABRIL,1863,5
ABRIL,1863,6
ABRIL,1864,5
ABRIL,1864,6
ABRIL,1864,7
ABRIL,1864,8
ABRIL,1864,9
ABRIL,1864,10
ABRIL,1865,1
ABRIL,1865,2
ABRIL,1865,3
ABRIL,1865,4
ABRIL,1865,9
ABRIL,1865,10
AGOSTO,49,80
AGOSTO,1918,1
AGOSTO,1918,4
AGOSTO,1918,6
AGOSTO,1918,7
AGOSTO,1918,9
AGOSTO,1918,10
AGOSTO,1923,5
AGOSTO,1923,6
AGOSTO,1923,7
AGOSTO,1923,8
AGOSTO,1923,9
AGOSTO,1923,10
AGOSTO,1924,1
AGOSTO,1924,2
AGOSTO,1924,3
AGOSTO,1924,4
AGOSTO,1924,8
AGOSTO,1924,10
AGOSTO,1925,1
AGOSTO,1925,2
AGOSTO,1925,3
AGOSTO,1925,4
AGOSTO,1925,5
AGOSTO,1925,6
AGOSTO,1925,7
AGOSTO,1926,5
AGOSTO,1926,6
AGOSTO,1926,7
AGOSTO,1926,8
AGOSTO,1926,9
AGOSTO,1926,10
AGOSTO,1927,1
AGOSTO,1927,2
AGOSTO,1927,3
AGOSTO,1927,4
AGOSTO,1927,9
AGOSTO,1927,10
AGOSTO,1928,3
AGOSTO,1928,4
AGOSTO,1928,5
AGOSTO,1928,6
AGOSTO,1928,7
AGOSTO,1928,8
AGOSTO,1929,1
AGOSTO,1929,2
AGOSTO,1929,7
AGOSTO,1929,8
AGOSTO,1929,9
AGOSTO,1929,10
FEVEREIRO,102,170
FEVEREIRO,1810,5
FEVEREIRO,1810,6
FEVEREIRO,1810,7
FEVEREIRO,1810,8
FEVEREIRO,1810,9
FEVEREIRO,1810,10
FEVEREIRO,1811,1
FEVEREIRO,1811,2
FEVEREIRO,1811,3
FEVEREIRO,1811,4
FEVEREIRO,1811,9
FEVEREIRO,1811,10
FEVEREIRO,1812,3
FEVEREIRO,1812,4
FEVEREIRO,1812,5
FEVEREIRO,1812,6
FEVEREIRO,1812,7
FEVEREIRO,1812,8
FEVEREIRO,1813,1
FEVEREIRO,1813,2
FEVEREIRO,1813,3
FEVEREIRO,1813,5
FEVEREIRO,1813,9
FEVEREIRO,1813,10
FEVEREIRO,1814,1
FEVEREIRO,1814,2
FEVEREIRO,1814,4
FEVEREIRO,1814,6
FEVEREIRO,1814,7
FEVEREIRO,1814,8
FEVEREIRO,1815,4
FEVEREIRO,1815,5
FEVEREIRO,1815,6
FEVEREIRO,1815,7
FEVEREIRO,1815,8
FEVEREIRO,1815,9
FEVEREIRO,1816,1
FEVEREIRO,1816,2
FEVEREIRO,1816,3
FEVEREIRO,1816,8
FEVEREIRO,1816,9
FEVEREIRO,1816,10
FEVEREIRO,1817,3
FEVEREIRO,1817,4
FEVEREIRO,1817,5
FEVEREIRO,1817,6
FEVEREIRO,1817,7
FEVEREIRO,1817,10
FEVEREIRO,1818,1
FEVEREIRO,1818,2
FEVEREIRO,1818,7
FEVEREIRO,1818,8
FEVEREIRO,1818,9
FEVEREIRO,1818,10
FEVEREIRO,1819,1
FEVEREIRO,1819,2
FEVEREIRO,1819,3
FEVEREIRO,1819,4
FEVEREIRO,1819,5
FEVEREIRO,1819,6
FEVEREIRO,1820,1
FEVEREIRO,1820,2
FEVEREIRO,1820,3
FEVEREIRO,1820,4
FEVEREIRO,1820,5
FEVEREIRO,1820,6
FEVEREIRO,1821,4
FEVEREIRO,1821,5
FEVEREIRO,1821,7
FEVEREIRO,1821,8
FEVEREIRO,1821,9
FEVEREIRO,1821,10
FEVEREIRO,1822,2
FEVEREIRO,1822,6
FEVEREIRO,1822,7
FEVEREIRO,1822,8
FEVEREIRO,1822,9
FEVEREIRO,1822,10
FEVEREIRO,1823,1
FEVEREIRO,1823,2
FEVEREIRO,1823,3
FEVEREIRO,1823,8
FEVEREIRO,1823,9
FEVEREIRO,1823,10
FEVEREIRO,1824,1
FEVEREIRO,1824,3
FEVEREIRO,1824,4
FEVEREIRO,1824,5
FEVEREIRO,1824,6
FEVEREIRO,1824,7
FEVEREIRO,1825,5
FEVEREIRO,1825,6
FEVEREIRO,1825,7
FEVEREIRO,1825,8
FEVEREIRO,1825,9
FEVEREIRO,1825,10
FEVEREIRO,1826,1
FEVEREIRO,1826,2
FEVEREIRO,1826,3
FEVEREIRO,1826,4
FEVEREIRO,1826,9
FEVEREIRO,1826,10
JANEIRO,109,180
JANEIRO,1792,5
JANEIRO,1792,6
JANEIRO,1792,7
JANEIRO,1792,8
JANEIRO,1792,9
JANEIRO,1792,10
JANEIRO,1793,1
JANEIRO,1793,2
JANEIRO,1793,3
JANEIRO,1793,4
JANEIRO,1793,9
JANEIRO,1793,10
JANEIRO,1794,2
JANEIRO,1794,3
JANEIRO,1794,5
JANEIRO,1794,6
JANEIRO,1794,7
JANEIRO,1794,8
JANEIRO,1795,1
JANEIRO,1795,2
JANEIRO,1795,3
JANEIRO,1795,4
JANEIRO,1795,9
JANEIRO,1795,10
JANEIRO,1796,1
JANEIRO,1796,4
JANEIRO,1796,5
JANEIRO,1796,6
JANEIRO,1796,7
JANEIRO,1796,8
JANEIRO,1797,2
JANEIRO,1797,3
JANEIRO,1797,5
JANEIRO,1797,6
JANEIRO,1797,9
JANEIRO,1797,10
JANEIRO,1798,1
JANEIRO,1798,2
JANEIRO,1798,4
JANEIRO,1798,6
JANEIRO,1798,7
JANEIRO,1798,8
JANEIRO,1799,1
JANEIRO,1799,4
JANEIRO,1799,5
JANEIRO,1799,7
JANEIRO,1799,8
JANEIRO,1799,9
JANEIRO,1799,10
JANEIRO,1800,2
JANEIRO,1800,3
JANEIRO,1800,6
JANEIRO,1800,7
JANEIRO,1800,8
JANEIRO,1800,10
JANEIRO,1801,1
JANEIRO,1801,2
JANEIRO,1801,3
JANEIRO,1801,4
JANEIRO,1801,5
JANEIRO,1801,9
JANEIRO,1802,5
JANEIRO,1802,6
JANEIRO,1802,7
JANEIRO,1802,8
JANEIRO,1802,9
JANEIRO,1802,10
JANEIRO,1803,1
JANEIRO,1803,2
JANEIRO,1803,3
JANEIRO,1803,4
JANEIRO,1803,9
JANEIRO,1803,10
JANEIRO,1804,1
JANEIRO,1804,3
JANEIRO,1804,4
JANEIRO,1804,5
JANEIRO,1804,6
JANEIRO,1804,7
JANEIRO,1805,1
JANEIRO,1805,2
JANEIRO,1805,3
JANEIRO,1805,8
JANEIRO,1805,9
JANEIRO,1805,10
JANEIRO,1806,2
JANEIRO,1806,4
JANEIRO,1806,5
JANEIRO,1806,6
JANEIRO,1806,7
JANEIRO,1806,8
JANEIRO,1807,2
JANEIRO,1807,3
JANEIRO,1807,4
JANEIRO,1807,8
JANEIRO,1807,9
JANEIRO,1807,10
JANEIRO,1808,1
JANEIRO,1808,4
JANEIRO,1808,5
JANEIRO,1808,6
JANEIRO,1808,7
JANEIRO,1808,10
JANEIRO,1809,3
JANEIRO,1809,5
JANEIRO,1809,6
JANEIRO,1809,7
JANEIRO,1809,8
JANEIRO,1809,9
JULHO,139,230
JULHO,1900,5
JULHO,1900,6
JULHO,1900,7
JULHO,1900,8
JULHO,1900,9
JULHO,1900,10
JULHO,1901,1
JULHO,1901,2
JULHO,1901,3
JULHO,1901,4
JULHO,1901,9
JULHO,1901,10
JULHO,1902,1
JULHO,1902,2
JULHO,1902,3
JULHO,1902,4
JULHO,1902,5
JULHO,1902,6
JULHO,1902,7
JULHO,1903,3
JULHO,1903,4
JULHO,1903,5
JULHO,1903,6
JULHO,1903,8
JULHO,1903,9
JULHO,1904,1
JULHO,1904,2
JULHO,1904,5
JULHO,1904,6
JULHO,1904,9
JULHO,1904,10
JULHO,1905,1
JULHO,1905,2
JULHO,1905,3
JULHO,1905,4
JULHO,1905,7
JULHO,1905,8
JULHO,1906,5
JULHO,1906,6
JULHO,1906,7
JULHO,1906,8
JULHO,1906,9
JULHO,1906,10
JULHO,1907,1
JULHO,1907,2
JULHO,1907,3
JULHO,1907,4
JULHO,1907,9
JULHO,1907,10
JULHO,1908,3
JULHO,1908,4
JULHO,1908,5
JULHO,1908,6
JULHO,1908,7
JULHO,1908,8
JULHO,1909,1
JULHO,1909,2
JULHO,1909,7
JULHO,1909,8
JULHO,1909,9
JULHO,1909,10
JULHO,1910,1
JULHO,1910,2
JULHO,1910,3
JULHO,1910,4
JULHO,1910,5
JULHO,1910,6
JULHO,1911,5
JULHO,1911,6
JULHO,1911,7
JULHO,1911,8
JULHO,1911,9
JULHO,1911,10
JULHO,1912,1
JULHO,1912,2
JULHO,1912,3
JULHO,1912,4
JULHO,1912,9
JULHO,1912,10
JULHO,1913,3
JULHO,1913,4
JULHO,1913,5
JULHO,1913,6
JULHO,1913,7
JULHO,1913,8
JULHO,1914,1
JULHO,1914,2
JULHO,1914,7
JULHO,1914,8
JULHO,1914,9
JULHO,1914,10
JULHO,1915,1
JULHO,1915,2
JULHO,1915,3
JULHO,1915,4
JULHO,1915,5
JULHO,1915,6
JULHO,1916,4
JULHO,1916,5
JULHO,1916,6
JULHO,1916,7
JULHO,1916,9
JULHO,1916,10
JULHO,1917,1
JULHO,1917,2
JULHO,1917,3
JULHO,1917,8
JULHO,1917,9
JULHO,1917,10
JULHO,1918,3
JULHO,1918,4
JULHO,1918,5
JULHO,1918,6
JULHO,1918,7
JULHO,1918,8
JULHO,1919,1
JULHO,1919,2
JULHO,1919,7
JULHO,1919,8
JULHO,1919,9
JULHO,1919,10
JULHO,1920,1
JULHO,1920,2
JULHO,1920,3
JULHO,1920,4
JULHO,1920,5
JULHO,1920,6
JULHO,1921,4
JULHO,1921,5
JULHO,1921,6
JULHO,1921,7
JULHO,1921,9
JULHO,1921,10
JULHO,1922,1
JULHO,1922,2
JULHO,1922,3
JULHO,1922,8
JULHO,1922,9
JULHO,1922,10
JUNHO,86,140
JUNHO,1886,5
JUNHO,1886,6
JUNHO,1886,7
JUNHO,1886,8
JUNHO,1886,9
JUNHO,1886,10
JUNHO,1887,1
JUNHO,1887,2
JUNHO,1887,3
JUNHO,1887,4
JUNHO,1887,9
JUNHO,1887,10
JUNHO,1888,3
JUNHO,1888,4
JUNHO,1888,5
JUNHO,1888,6
JUNHO,1888,7
JUNHO,1888,8
JUNHO,1889,1
JUNHO,1889,2
JUNHO,1889,7
JUNHO,1889,8
JUNHO,1889,9
JUNHO,1889,10
JUNHO,1890,1
JUNHO,1890,2
JUNHO,1890,3
JUNHO,1890,4
JUNHO,1890,5
JUNHO,1890,6
JUNHO,1891,5
JUNHO,1891,6
JUNHO,1891,7
JUNHO,1891,8
JUNHO,1891,9
JUNHO,1891,10
JUNHO,1892,1
JUNHO,1892,2
JUNHO,1892,3
JUNHO,1892,4
JUNHO,1892,9
JUNHO,1892,10
JUNHO,1893,3
JUNHO,1893,4
JUNHO,1893,5
JUNHO,1893,6
JUNHO,1893,7
JUNHO,1893,8
JUNHO,1894,1
JUNHO,1894,2
JUNHO,1894,7
JUNHO,1894,8
JUNHO,1894,9
JUNHO,1894,10
JUNHO,1895,1
JUNHO,1895,2
JUNHO,1895,3
JUNHO,1895,4
JUNHO,1895,5
JUNHO,1895,6
JUNHO,1896,4
JUNHO,1896,5
JUNHO,1896,6
JUNHO,1896,7
JUNHO,1896,8
JUNHO,1896,9
JUNHO,1896,10
JUNHO,1897,1
JUNHO,1897,2
JUNHO,1897,3
JUNHO,1897,8
JUNHO,1897,9
JUNHO,1897,10
JUNHO,1898,1
JUNHO,1898,2
JUNHO,1898,3
JUNHO,1898,4
JUNHO,1898,5
JUNHO,1898,6
JUNHO,1898,7
JUNHO,1899,5
JUNHO,1899,6
JUNHO,1899,7
JUNHO,1899,8
JUNHO,1899,9
JUNHO,1899,10
MAIO,120,200
MAIO,1866,5
MAIO,1866,6
MAIO,1866,7
MAIO,1866,8
MAIO,1866,9
MAIO,1866,10
MAIO,1867,1
MAIO,1867,2
MAIO,1867,3
MAIO,1867,4
MAIO,1867,9
MAIO,1867,10
MAIO,1868,3
MAIO,1868,4
MAIO,1868,5
MAIO,1868,6
MAIO,1868,7
MAIO,1868,8
MAIO,1869,1
MAIO,1869,2
MAIO,1869,7
MAIO,1869,8
MAIO,1869,9
MAIO,1869,10
MAIO,1870,1
MAIO,1870,2
MAIO,1870,3
MAIO,1870,4
MAIO,1870,5
MAIO,1870,6
MAIO,1871,5
MAIO,1871,6
MAIO,1871,7
MAIO,1871,8
MAIO,1871,9
MAIO,1871,10
MAIO,1872,1
MAIO,1872,2
MAIO,1872,3
MAIO,1872,4
MAIO,1872,9
MAIO,1872,10
MAIO,1873,3
MAIO,1873,4
MAIO,1873,5
MAIO,1873,6
MAIO,1873,7
MAIO,1873,8
MAIO,1874,1
MAIO,1874,2
MAIO,1874,7
MAIO,1874,8
MAIO,1874,9
MAIO,1874,10
MAIO,1875,1
MAIO,1875,2
MAIO,1875,3
MAIO,1875,4
MAIO,1875,5
MAIO,1875,6
MAIO,1876,3
MAIO,1876,4
MAIO,1876,5
MAIO,1876,6
MAIO,1876,7
MAIO,1876,10
MAIO,1877,1
MAIO,1877,2
MAIO,1877,7
MAIO,1877,8
MAIO,1877,9
MAIO,1877,10
MAIO,1878,1
MAIO,1878,4
MAIO,1878,5
MAIO,1878,6
MAIO,1878,8
MAIO,1878,9
MAIO,1879,1
MAIO,1879,2
MAIO,1879,3
MAIO,1879,8
MAIO,1879,9
MAIO,1879,10
MAIO,1880,2
MAIO,1880,3
MAIO,1880,4
MAIO,1880,5
MAIO,1880,6
MAIO,1880,7
MAIO,1881,5
MAIO,1881,6
MAIO,1881,7
MAIO,1881,8
MAIO,1881,9
MAIO,1881,10
MAIO,1882,1
MAIO,1882,2
MAIO,1882,3
MAIO,1882,4
MAIO,1882,9
MAIO,1882,10
MAIO,1883,3
MAIO,1883,4
MAIO,1883,5
MAIO,1883,6
MAIO,1883,7
MAIO,1883,8
MAIO,1884,1
MAIO,1884,2
MAIO,1884,7
MAIO,1884,8
MAIO,1884,9
MAIO,1884,10
MAIO,1885,1
MAIO,1885,2
MAIO,1885,3
MAIO,1885,4
MAIO,1885,5
MAIO,1885,6
MARÇO,132,220
MARÇO,1827,2
MARÇO,1827,3
MARÇO,1827,4
MARÇO,1827,5
MARÇO,1827,6
MARÇO,1827,7
MARÇO,1828,1
MARÇO,1828,6
MARÇO,1828,7
MARÇO,1828,8
MARÇO,1828,9
MARÇO,1828,10
MARÇO,1829,2
MARÇO,1829,3
MARÇO,1829,4
MARÇO,1829,5
MARÇO,1829,8
MARÇO,1829,9
MARÇO,1830,1
MARÇO,1830,6
MARÇO,1830,7
MARÇO,1830,8
MARÇO,1830,9
MARÇO,1830,10
MARÇO,1831,1
MARÇO,1831,2
MARÇO,1831,3
MARÇO,1831,4
MARÇO,1831,5
MARÇO,1831,10
MARÇO,1832,5
MARÇO,1832,6
MARÇO,1832,7
MARÇO,1832,8
MARÇO,1832,9
MARÇO,1832,10
MARÇO,1833,1
MARÇO,1833,2
MARÇO,1833,3
MARÇO,1833,4
MARÇO,1833,8
MARÇO,1833,10
MARÇO,1834,4
MARÇO,1834,5
MARÇO,1834,6
MARÇO,1834,7
MARÇO,1834,8
MARÇO,1834,9
MARÇO,1835,1
MARÇO,1835,2
MARÇO,1835,3
MARÇO,1835,8
MARÇO,1835,9
MARÇO,1835,10
MARÇO,1836,2
MARÇO,1836,3
MARÇO,1836,4
MARÇO,1836,5
MARÇO,1836,6
MARÇO,1836,7
MARÇO,1837,1
MARÇO,1837,6
MARÇO,1837,7
MARÇO,1837,8
MARÇO,1837,9
MARÇO,1837,10
MARÇO,1838,1
MARÇO,1838,2
MARÇO,1838,3
MARÇO,1838,4
MARÇO,1838,5
MARÇO,1838,10
MARÇO,1839,1
MARÇO,1839,2
MARÇO,1839,3
MARÇO,1839,4
MARÇO,1839,8
MARÇO,1839,9
MARÇO,1840,4
MARÇO,1840,5
MARÇO,1840,6
MARÇO,1840,7
MARÇO,1840,8
MARÇO,1840,10
MARÇO,1841,2
MARÇO,1841,3
MARÇO,1841,5
MARÇO,1841,6
MARÇO,1841,7
MARÇO,1841,9
MARÇO,1842,1
MARÇO,1842,6
MARÇO,1842,7
MARÇO,1842,8
MARÇO,1842,9
MARÇO,1842,10
MARÇO,1843,1
MARÇO,1843,2
MARÇO,1843,3
MARÇO,1843,4
MARÇO,1843,5
MARÇO,1843,10
MARÇO,1844,4
MARÇO,1844,5
MARÇO,1844,6
MARÇO,1844,7
MARÇO,1844,8
MARÇO,1844,9
MARÇO,1845,1
MARÇO,1845,2
MARÇO,1845,3
MARÇO,1845,7
MARÇO,1845,9
MARÇO,1845,10
MARÇO,1846,2
MARÇO,1846,3
MARÇO,1846,4
MARÇO,1846,5
MARÇO,1846,6
MARÇO,1846,8
MARÇO,1847,1
MARÇO,1847,6
MARÇO,1847,7
MARÇO,1847,8
MARÇO,1847,9
MARÇO,1847,10
MARÇO,1848,1
MARÇO,1848,2
MARÇO,1848,3
MARÇO,1848,4
MARÇO,1848,5
MARÇO,1848,10
