JORNAIS/AGOSTO,NJUD 1918,B1
JORNAIS/AGOSTO,NJUD 1918,B4
JORNAIS/AGOSTO,NJUD 1918,B6
JORNAIS/AGOSTO,NJUD 1918,B7
JORNAIS/AGOSTO,NJUD 1918,B9
JORNAIS/AGOSTO,NJUD 1918,B10
JORNAIS/AGOSTO,NJUD 1923,B5
JORNAIS/AGOSTO,NJUD 1923,B6
JORNAIS/AGOSTO,NJUD 1923,B7
JORNAIS/AGOSTO,NJUD 1923,B8
JORNAIS/AGOSTO,NJUD 1923,B9
JORNAIS/AGOSTO,NJUD 1923,B10
JORNAIS/AGOSTO,NJUD 1924,B1
JORNAIS/AGOSTO,NJUD 1924,B2
JORNAIS/AGOSTO,NJUD 1924,B3
JORNAIS/AGOSTO,NJUD 1924,B4
JORNAIS/AGOSTO,NJUD 1924,B8
JORNAIS/AGOSTO,NJUD 1924,B10
JORNAIS/AGOSTO,NJUD 1925,B1
JORNAIS/AGOSTO,NJUD 1925,B2
JORNAIS/AGOSTO,NJUD 1925,B3
JORNAIS/AGOSTO,NJUD 1925,B4
JORNAIS/AGOSTO,NJUD 1925,B5
JORNAIS/AGOSTO,NJUD 1925,B6
JORNAIS/AGOSTO,NJUD 1925,B7
JORNAIS/AGOSTO,NJUD 1926,B5
JORNAIS/AGOSTO,NJUD 1926,B6
JORNAIS/AGOSTO,NJUD 1926,B7
JORNAIS/AGOSTO,NJUD 1926,B8
JORNAIS/AGOSTO,NJUD 1926,B9
JORNAIS/AGOSTO,NJUD 1926,B10
JORNAIS/AGOSTO,NJUD 1927,B1
JORNAIS/AGOSTO,NJUD 1927,B2
JORNAIS/AGOSTO,NJUD 1927,B3
JORNAIS/AGOSTO,NJUD 1927,B4
JORNAIS/AGOSTO,NJUD 1927,B9
JORNAIS/AGOSTO,NJUD 1927,B10
JORNAIS/AGOSTO,NJUD 1928,B3
JORNAIS/AGOSTO,NJUD 1928,B4
JORNAIS/AGOSTO,NJUD 1928,B5
JORNAIS/AGOSTO,NJUD 1928,B6
JORNAIS/AGOSTO,NJUD 1928,B7
JORNAIS/AGOSTO,NJUD 1928,B8
JORNAIS/AGOSTO,NJUD 1929,B1
JORNAIS/AGOSTO,NJUD 1929,B2
JORNAIS/AGOSTO,NJUD 1929,B7
JORNAIS/AGOSTO,NJUD 1929,B8
JORNAIS/AGOSTO,NJUD 1929,B9
JORNAIS/AGOSTO,NJUD 1929,B10
