mes,data,dia_util,nome
01/2026,07/01/2026,sim,NJUD_0203_07-01-2026.mp3
01/2026,08/01/2026,sim,NJUD_0204_08-01-2026.mp3
01/2026,09/01/2026,sim,NJUD_0205_09-01-2026.mp3
01/2026,12/01/2026,sim,NJUD_0301_12-01-2026.mp3
01/2026,14/01/2026,sim,NJUD_0303_14-01-2026.mp3
01/2026,15/01/2026,sim,NJUD_0304_15-01-2026.mp3
01/2026,16/01/2026,sim,NJUD_0305_16-01-2026.mp3
01/2026,19/01/2026,sim,NJUD_0401_19-01-2026.mp3
01/2026,20/01/2026,sim,NJUD_0402_20-01-2026.mp3
01/2026,21/01/2026,sim,NJUD_0403_21-01-2026.mp3
01/2026,22/01/2026,sim,NJUD_0404_22-01-2026.mp3
01/2026,26/01/2026,sim,NJUD_0501_26-01-2026.mp3
01/2026,27/01/2026,sim,NJUD_0502_27-01-2026.mp3
01/2026,28/01/2026,sim,NJUD_0503_28-01-2026.mp3
01/2026,29/01/2026,sim,NJUD_0504_29-01-2026.mp3
02/2026,02/02/2026,sim,NJUD_0601_02-02-2026.mp3
02/2026,03/02/2026,sim,NJUD_0602_03-02-2026.mp3
02/2026,04/02/2026,sim,NJUD_0603_04-02-2026.mp3
02/2026,05/02/2026,sim,NJUD_0604_05-02-2026.mp3
02/2026,06/02/2026,sim,NJUD_0605_06-02-2026.mp3
02/2026,09/02/2026,sim,NJUD_0701_09-02-2026.mp3
02/2026,10/02/2026,sim,NJUD_0702_10-02-2026.mp3
02/2026,11/02/2026,sim,NJUD_0703_11-02-2026.mp3
02/2026,12/02/2026,sim,NJUD_0704_12-02-2026.mp3
02/2026,13/02/2026,sim,NJUD_0705_13-02-2026.mp3
02/2026,19/02/2026,sim,NJUD_0804_19-02-2026.mp3
02/2026,20/02/2026,sim,NJUD_0805_20-02-2026.mp3
02/2026,23/02/2026,sim,NJUD_0901_23-02-2026.mp3
02/2026,24/02/2026,sim,NJUD_0902_24-02-2026.mp3
02/2026,26/02/2026,sim,NJUD_0904_26-02-2026.mp3
02/2026,27/02/2026,sim,NJUD_0905_27-02-2026.mp3
03/2026,02/03/2026,sim,NJUD_1001_02-03-2026.mp3
03/2026,03/03/2026,sim,NJUD_1002_03-03-2026.mp3
03/2026,04/03/2026,sim,NJUD_1003_04-03-2026.mp3
03/2026,05/03/2026,sim,NJUD_1004_05-03-2026.mp3
03/2026,06/03/2026,sim,NJUD_1005_06-03-2026.mp3
03/2026,09/03/2026,sim,NJUD_1101_09-03-2026.mp3
03/2026,10/03/2026,sim,NJUD_1102_10-03-2026.mp3
03/2026,11/03/2026,sim,NJUD_1103_11-03-2026.mp3
03/2026,12/03/2026,sim,NJUD_1104_12-03-2026.mp3
03/2026,13/03/2026,sim,NJUD_1105_13-03-2026.mp3
03/2026,16/03/2026,sim,NJUD_1201_16-03-2026.mp3
03/2026,17/03/2026,sim,NJUD_1202_17-03-2026.mp3
03/2026,18/03/2026,sim,NJUD_1203_18-03-2026.mp3
03/2026,19/03/2026,sim,NJUD_1204_19-03-2026.mp3
03/2026,20/03/2026,sim,NJUD_1205_20-03-2026.mp3
03/2026,23/03/2026,sim,NJUD_1301_23-03-2026.mp3
03/2026,24/03/2026,sim,NJUD_1302_24-03-2026.mp3
03/2026,26/03/2026,sim,NJUD_1304_26-03-2026.mp3
03/2026,27/03/2026,sim,NJUD_1305_27-03-2026.mp3
03/2026,30/03/2026,sim,NJUD_1401_30-03-2026.mp3
03/2026,31/03/2026,sim,NJUD_1402_31-03-2026.mp3
04/2026,06/04/2026,sim,NJUD_1501_06-04-2026.mp3
04/2026,07/04/2026,sim,NJUD_1502_07-04-2026.mp3
04/2026,08/04/2026,sim,NJUD_1503_08-04-2026.mp3
04/2026,09/04/2026,sim,NJUD_1504_09-04-2026.mp3
04/2026,10/04/2026,sim,NJUD_1505_10-04-2026.mp3
04/2026,13/04/2026,sim,NJUD_1601_13-04-2026.mp3
04/2026,14/04/2026,sim,NJUD_1602_14-04-2026.mp3
04/2026,15/04/2026,sim,NJUD_1603_15-04-2026.mp3
04/2026,15/04/2026,sim,NJUD_1927_15-04-2026.mp3
04/2026,16/04/2026,sim,NJUD_1604_16-04-2026.mp3
04/2026,16/04/2026,sim,NJUD_1927_16-04-2026.mp3
04/2026,17/04/2026,sim,NJUD_1605_17-04-2026.mp3
04/2026,22/04/2026,sim,NJUD_1703_22-04-2026.mp3
04/2026,23/04/2026,sim,NJUD_1704_23-04-2026.mp3
04/2026,24/04/2026,sim,NJUD_1705_24-04-2026.mp3
04/2026,26/04/2026,nao,NJUD_1707_26-04-2026.mp3
04/2026,27/04/2026,sim,NJUD_1707_27-04-2026.mp3
04/2026,27/04/2026,sim,NJUD_1801_27-04-2026.mp3
04/2026,28/04/2026,sim,NJUD_1801_28-04-2026.mp3
04/2026,28/04/2026,sim,NJUD_1802_28-04-2026.mp3
04/2026,29/04/2026,sim,NJUD_1803_29-04-2026.mp3
04/2026,30/04/2026,sim,NJUD_1804_30-04-2026.mp3
05/2026,04/05/2026,sim,NJUD_1865_04-05-2026.mp3
05/2026,04/05/2026,sim,NJUD_1901_04-05-2026.mp3
05/2026,05/05/2026,sim,NJUD_1866_05-05-2026.mp3
05/2026,05/05/2026,sim,NJUD_1902_05-05-2026.mp3
05/2026,06/05/2026,sim,NJUD_1867_06-05-2026.mp3
05/2026,06/05/2026,sim,NJUD_1903_06-05-2026.mp3
05/2026,07/05/2026,sim,NJUD_1868_07-05-2026.mp3
05/2026,07/05/2026,sim,NJUD_1904_07-05-2026.mp3
05/2026,08/05/2026,sim,NJUD_1869_08-05-2026.mp3
05/2026,08/05/2026,sim,NJUD_1877_08-05-2026.mp3
05/2026,08/05/2026,sim,NJUD_1905_08-05-2026.mp3
05/2026,11/05/2026,sim,NJUD_1870_11-05-2026.mp3
05/2026,11/05/2026,sim,NJUD_2001_11-05-2026.mp3
05/2026,12/05/2026,sim,NJUD_1871_12-05-2026.mp3
05/2026,12/05/2026,sim,NJUD_2002_12-05-2026.mp3
05/2026,13/05/2026,sim,NJUD_1872_13-05-2026.mp3
05/2026,13/05/2026,sim,NJUD_2003_13-05-2026.mp3
05/2026,14/05/2026,sim,NJUD_1873_14-05-2026.mp3
05/2026,14/05/2026,sim,NJUD_2004_14-05-2026.mp3
05/2026,15/05/2026,sim,NJUD_1874_15-05-2026.mp3
05/2026,15/05/2026,sim,NJUD_2005_15-05-2026.mp3
05/2026,18/05/2026,sim,NJUD_1875_18-05-2026.mp3
05/2026,18/05/2026,sim,NJUD_2101_18-05-2026.mp3
05/2026,19/05/2026,sim,NJUD_1876_19-05-2026.mp3
05/2026,19/05/2026,sim,NJUD_2102_19-05-2026.mp3
05/2026,20/05/2026,sim,NJUD_1877_20-05-2026.mp3
05/2026,20/05/2026,sim,NJUD_2103_20-05-2026.mp3
05/2026,21/05/2026,sim,NJUD_1878_21-05-2026.mp3
05/2026,21/05/2026,sim,NJUD_2104_21-05-2026.mp3
05/2026,22/05/2026,sim,NJUD_1879_22-05-2026.mp3
05/2026,22/05/2026,sim,NJUD_2105_22-05-2026.mp3
05/2026,25/05/2026,sim,NJUD_1880_25-05-2026.mp3
05/2026,25/05/2026,sim,NJUD_2201_25-05-2026.mp3
05/2026,26/05/2026,sim,NJUD_1881_26-05-2026.mp3
05/2026,26/05/2026,sim,NJUD_2202_26-05-2026.mp3
05/2026,27/05/2026,sim,NJUD_1882_27-05-2026.mp3
05/2026,27/05/2026,sim,NJUD_2203_27-05-2026.mp3
05/2026,28/05/2026,sim,NJUD_1883_28-05-2026.mp3
05/2026,28/05/2026,sim,NJUD_2204_28-05-2026.mp3
05/2026,29/05/2026,sim,NJUD_1884_29-05-2026.mp3
05/2026,29/05/2026,sim,NJUD_2205_29-05-2026.mp3
06/2026,01/06/2026,sim,NJUD_1901_01-06-2026.mp3
06/2026,01/06/2026,sim,NJUD_2301_01-06-2026.mp3
06/2026,02/06/2026,sim,NJUD_1888_02-06-2026.mp3
06/2026,02/06/2026,sim,NJUD_2302_02-06-2026.mp3
06/2026,03/06/2026,sim,NJUD_1903_03-06-2026.mp3
06/2026,03/06/2026,sim,NJUD_2303_03-06-2026.mp3
06/2026,04/06/2026,sim,NJUD_1904_04-06-2026.mp3
06/2026,05/06/2026,sim,NJUD_1877_05-06-2026.mp3
06/2026,08/06/2026,sim,NJUD_1894_08-06-2026.mp3
06/2026,08/06/2026,sim,NJUD_2401_08-06-2026.mp3
06/2026,09/06/2026,sim,NJUD_2001_09-06-2026.mp3
06/2026,09/06/2026,sim,NJUD_2402_09-06-2026.mp3
06/2026,10/06/2026,sim,NJUD_2002_10-06-2026.mp3
06/2026,10/06/2026,sim,NJUD_2403_10-06-2026.mp3
06/2026,11/06/2026,sim,NJUD_2003_11-06-2026.mp3
06/2026,11/06/2026,sim,NJUD_2404_11-06-2026.mp3
06/2026,12/06/2026,sim,NJUD_2004_12-06-2026.mp3
06/2026,12/06/2026,sim,NJUD_2405_12-06-2026.mp3
06/2026,15/06/2026,sim,NJUD_2005_15-06-2026.mp3
06/2026,15/06/2026,sim,NJUD_2501_15-06-2026.mp3
06/2026,16/06/2026,sim,NJUD_2101_16-06-2026.mp3
06/2026,16/06/2026,sim,NJUD_2502_16-06-2026.mp3
06/2026,17/06/2026,sim,NJUD_2102_17-06-2026.mp3
06/2026,17/06/2026,sim,NJUD_2503_17-06-2026.mp3
06/2026,18/06/2026,sim,NJUD_2103_18-06-2026.mp3
06/2026,18/06/2026,sim,NJUD_2504_18-06-2026.mp3
06/2026,19/06/2026,sim,NJUD_2104_19-06-2026.mp3
06/2026,22/06/2026,sim,NJUD_2105_22-06-2026.mp3
06/2026,23/06/2026,sim,NJUD_2201_23-06-2026.mp3
06/2026,24/06/2026,sim,NJUD_2202_24-06-2026.mp3
06/2026,25/06/2026,sim,NJUD_2203_25-06-2026.mp3
06/2026,26/06/2026,sim,NJUD_2605_26-06-2026.mp3
07/2026,01/07/2026,sim,NJUD_2204_01-07-2026.mp3
07/2026,02/07/2026,sim,NJUD_2205_02-07-2026.mp3
07/2026,03/07/2026,sim,NJUD_2301_03-07-2026.mp3
07/2026,06/07/2026,sim,NJUD_1902_06-07-2026.mp3
07/2026,07/07/2026,sim,NJUD_2302_07-07-2026.mp3
07/2026,08/07/2026,sim,NJUD_2302_08-07-2026.mp3
07/2026,09/07/2026,sim,NJUD_2303_09-07-2026.mp3
07/2026,10/07/2026,sim,NJUD_1905_10-07-2026.mp3
07/2026,13/07/2026,sim,NJUD_2401_13-07-2026.mp3
07/2026,14/07/2026,sim,NJUD_2401_14-07-2026.mp3
07/2026,15/07/2026,sim,NJUD_2402_15-07-2026.mp3
07/2026,16/07/2026,sim,NJUD_2403_16-07-2026.mp3
07/2026,17/07/2026,sim,NJUD_2404_17-07-2026.mp3
07/2026,20/07/2026,sim,NJUD_2405_20-07-2026.mp3
07/2026,21/07/2026,sim,NJUD_2501_21-07-2026.mp3
07/2026,22/07/2026,sim,NJUD_2502_22-07-2026.mp3
07/2026,23/07/2026,sim,NJUD_2503_23-07-2026.mp3
07/2026,24/07/2026,sim,NJUD_2504_24-07-2026.mp3
07/2026,26/07/2026,nao,NJUD_3007_26-07-2026.mp3
07/2026,27/07/2026,sim,NJUD_3007_27-07-2026.mp3
08/2026,26/08/2026,sim,NJUD_3503_26-08-2026.mp3
09/2026,26/09/2026,nao,NJUD_3906_26-09-2026.mp3
10/2026,26/10/2026,sim,NJUD_4401_26-10-2026.mp3
11/2026,26/11/2026,sim,NJUD_4804_26-11-2026.mp3
12/2026,26/12/2026,nao,NJUD_5206_26-12-2026.mp3
