pasta,nome,njud,data,dt,weekday
01 - JAN - 26,NJUD_0204_08-01-2026.mp3,0204,08/01/2026,2026-01-08,3
01 - JAN - 26,NJUD_0205_09-01-2026.mp3,0205,09/01/2026,2026-01-09,4
01 - JAN - 26,NJUD_0301_12-01-2026.mp3,0301,12/01/2026,2026-01-12,0
01 - JAN - 26,NJUD_0303_14-01-2026.mp3,0303,14/01/2026,2026-01-14,2
01 - JAN - 26,NJUD_0304_15-01-2026.mp3,0304,15/01/2026,2026-01-15,3
01 - JAN - 26,NJUD_0305_16-01-2026.mp3,0305,16/01/2026,2026-01-16,4
01 - JAN - 26,NJUD_0401_19-01-2026.mp3,0401,19/01/2026,2026-01-19,0
01 - JAN - 26,NJUD_0402_20-01-2026.mp3,0402,20/01/2026,2026-01-20,1
01 - JAN - 26,NJUD_0403_21-01-2026.mp3,0403,21/01/2026,2026-01-21,2
01 - JAN - 26,NJUD_0404_22-01-2026.mp3,0404,22/01/2026,2026-01-22,3
01 - JAN - 26,NJUD_0501_26-01-2026.mp3,0501,26/01/2026,2026-01-26,0
01 - JAN - 26,NJUD_0502_27-01-2026.mp3,0502,27/01/2026,2026-01-27,1
01 - JAN - 26,NJUD_0503_28-01-2026.mp3,0503,28/01/2026,2026-01-28,2
01 - JAN - 26,NJUD_0504_29-01-2026.mp3,0504,29/01/2026,2026-01-29,3
02 - FEV - 26,NJUD_0601_02-02-2026.mp3,0601,02/02/2026,2026-02-02,0
02 - FEV - 26,NJUD_0602_03-02-2026.mp3,0602,03/02/2026,2026-02-03,1
02 - FEV - 26,NJUD_0603_04-02-2026.mp3,0603,04/02/2026,2026-02-04,2
02 - FEV - 26,NJUD_0604_05-02-2026.mp3,0604,05/02/2026,2026-02-05,3
02 - FEV - 26,NJUD_0605_06-02-2026.mp3,0605,06/02/2026,2026-02-06,4
02 - FEV - 26,NJUD_0701_09-02-2026.mp3,0701,09/02/2026,2026-02-09,0
02 - FEV - 26,NJUD_0702_10-02-2026.mp3,0702,10/02/2026,2026-02-10,1
02 - FEV - 26,NJUD_0703_11-02-2026.mp3,0703,11/02/2026,2026-02-11,2
02 - FEV - 26,NJUD_0704_12-02-2026.mp3,0704,12/02/2026,2026-02-12,3
02 - FEV - 26,NJUD_0705_13-02-2026.mp3,0705,13/02/2026,2026-02-13,4
02 - FEV - 26,NJUD_0804_19-02-2026.mp3,0804,19/02/2026,2026-02-19,3
02 - FEV - 26,NJUD_0805_20-02-2026.mp3,0805,20/02/2026,2026-02-20,4
02 - FEV - 26,NJUD_0901_23-02-2026.mp3,0901,23/02/2026,2026-02-23,0
02 - FEV - 26,NJUD_0902_24-02-2026.mp3,0902,24/02/2026,2026-02-24,1
02 - FEV - 26,NJUD_0904_26-02-2026.mp3,0904,26/02/2026,2026-02-26,3
02 - FEV - 26,NJUD_0905_27-02-2026.mp3,0905,27/02/2026,2026-02-27,4
03 - MAR - 26,NJUD_1001_02-03-2026.mp3,1001,02/03/2026,2026-03-02,0
03 - MAR - 26,NJUD_1002_03-03-2026.mp3,1002,03/03/2026,2026-03-03,1
03 - MAR - 26,NJUD_1003_04-03-2026.mp3,1003,04/03/2026,2026-03-04,2
03 - MAR - 26,NJUD_1004_05-03-2026.mp3,1004,05/03/2026,2026-03-05,3
03 - MAR - 26,NJUD_1005_06-03-2026.mp3,1005,06/03/2026,2026-03-06,4
03 - MAR - 26,NJUD_1101_09-03-2026.mp3,1101,09/03/2026,2026-03-09,0
03 - MAR - 26,NJUD_1102_10-03-2026.mp3,1102,10/03/2026,2026-03-10,1
03 - MAR - 26,NJUD_1103_11-03-2026.mp3,1103,11/03/2026,2026-03-11,2
03 - MAR - 26,NJUD_1104_12-03-2026.mp3,1104,12/03/2026,2026-03-12,3
03 - MAR - 26,NJUD_1105_13-03-2026.mp3,1105,13/03/2026,2026-03-13,4
03 - MAR - 26,NJUD_1201_16-03-2026.mp3,1201,16/03/2026,2026-03-16,0
03 - MAR - 26,NJUD_1202_17-03-2026.mp3,1202,17/03/2026,2026-03-17,1
03 - MAR - 26,NJUD_1203_18-03-2026.mp3,1203,18/03/2026,2026-03-18,2
03 - MAR - 26,NJUD_1204_19-03-2026.mp3,1204,19/03/2026,2026-03-19,3
03 - MAR - 26,NJUD_1205_20-03-2026.mp3,1205,20/03/2026,2026-03-20,4
03 - MAR - 26,NJUD_1301_23-03-2026.mp3,1301,23/03/2026,2026-03-23,0
03 - MAR - 26,NJUD_1302_24-03-2026.mp3,1302,24/03/2026,2026-03-24,1
03 - MAR - 26,NJUD_1304_26-03-2026.mp3,1304,26/03/2026,2026-03-26,3
03 - MAR - 26,NJUD_1305_27-03-2026.mp3,1305,27/03/2026,2026-03-27,4
03 - MAR - 26,NJUD_1401_30-03-2026.mp3,1401,30/03/2026,2026-03-30,0
03 - MAR - 26,NJUD_1402_31-03-2026.mp3,1402,31/03/2026,2026-03-31,1
04 - ABR - 26,NJUD_1501_06-04-2026.mp3,1501,06/04/2026,2026-04-06,0
04 - ABR - 26,NJUD_1502_07-04-2026.mp3,1502,07/04/2026,2026-04-07,1
04 - ABR - 26,NJUD_1503_08-04-2026.mp3,1503,08/04/2026,2026-04-08,2
04 - ABR - 26,NJUD_1504_09-04-2026.mp3,1504,09/04/2026,2026-04-09,3
04 - ABR - 26,NJUD_1505_10-04-2026.mp3,1505,10/04/2026,2026-04-10,4
04 - ABR - 26,NJUD_1601_13-04-2026.mp3,1601,13/04/2026,2026-04-13,0
04 - ABR - 26,NJUD_1602_14-04-2026.mp3,1602,14/04/2026,2026-04-14,1
04 - ABR - 26,NJUD_1603_15-04-2026.mp3,1603,15/04/2026,2026-04-15,2
04 - ABR - 26,NJUD_1927_15-04-2026.mp3,1927,15/04/2026,2026-04-15,2
04 - ABR - 26,NJUD_1604_16-04-2026.mp3,1604,16/04/2026,2026-04-16,3
04 - ABR - 26,NJUD_1605_17-04-2026.mp3,1605,17/04/2026,2026-04-17,4
04 - ABR - 26,NJUD_1703_22-04-2026.mp3,1703,22/04/2026,2026-04-22,2
04 - ABR - 26,NJUD_1704_23-04-2026.mp3,1704,23/04/2026,2026-04-23,3
04 - ABR - 26,NJUD_1705_24-04-2026.mp3,1705,24/04/2026,2026-04-24,4
04 - ABR - 26,NJUD_1707_26-04-2026.mp3,1707,26/04/2026,2026-04-26,6
04 - ABR - 26,NJUD_1801_27-04-2026.mp3,1801,27/04/2026,2026-04-27,0
04 - ABR - 26,NJUD_1802_28-04-2026.mp3,1802,28/04/2026,2026-04-28,1
04 - ABR - 26,NJUD_1803_29-04-2026.mp3,1803,29/04/2026,2026-04-29,2
04 - ABR - 26,NJUD_1804_30-04-2026.mp3,1804,30/04/2026,2026-04-30,3
05 - MAI - 26,NJUD_1865_04-05-2026.mp3,1865,04/05/2026,2026-05-04,0
05 - MAI - 26,NJUD_1901_04-05-2026.mp3,1901,04/05/2026,2026-05-04,0
05 - MAI - 26,NJUD_1866_05-05-2026.mp3,1866,05/05/2026,2026-05-05,1
05 - MAI - 26,NJUD_1902_05-05-2026.mp3,1902,05/05/2026,2026-05-05,1
05 - MAI - 26,NJUD_1867_06-05-2026.mp3,1867,06/05/2026,2026-05-06,2
05 - MAI - 26,NJUD_1903_06-05-2026.mp3,1903,06/05/2026,2026-05-06,2
05 - MAI - 26,NJUD_1868_07-05-2026.mp3,1868,07/05/2026,2026-05-07,3
05 - MAI - 26,NJUD_1904_07-05-2026.mp3,1904,07/05/2026,2026-05-07,3
05 - MAI - 26,NJUD_1869_08-05-2026.mp3,1869,08/05/2026,2026-05-08,4
05 - MAI - 26,NJUD_1877_08-05-2026.mp3,1877,08/05/2026,2026-05-08,4
05 - MAI - 26,NJUD_1905_08-05-2026.mp3,1905,08/05/2026,2026-05-08,4
05 - MAI - 26,NJUD_1870_11-05-2026.mp3,1870,11/05/2026,2026-05-11,0
05 - MAI - 26,NJUD_2001_11-05-2026.mp3,2001,11/05/2026,2026-05-11,0
05 - MAI - 26,NJUD_1871_12-05-2026.mp3,1871,12/05/2026,2026-05-12,1
05 - MAI - 26,NJUD_2002_12-05-2026.mp3,2002,12/05/2026,2026-05-12,1
05 - MAI - 26,NJUD_1872_13-05-2026.mp3,1872,13/05/2026,2026-05-13,2
05 - MAI - 26,NJUD_2003_13-05-2026.mp3,2003,13/05/2026,2026-05-13,2
05 - MAI - 26,NJUD_1873_14-05-2026.mp3,1873,14/05/2026,2026-05-14,3
05 - MAI - 26,NJUD_2004_14-05-2026.mp3,2004,14/05/2026,2026-05-14,3
05 - MAI - 26,NJUD_1874_15-05-2026.mp3,1874,15/05/2026,2026-05-15,4
05 - MAI - 26,NJUD_2005_15-05-2026.mp3,2005,15/05/2026,2026-05-15,4
05 - MAI - 26,NJUD_1875_18-05-2026.mp3,1875,18/05/2026,2026-05-18,0
05 - MAI - 26,NJUD_2101_18-05-2026.mp3,2101,18/05/2026,2026-05-18,0
05 - MAI - 26,NJUD_1876_19-05-2026.mp3,1876,19/05/2026,2026-05-19,1
05 - MAI - 26,NJUD_2102_19-05-2026.mp3,2102,19/05/2026,2026-05-19,1
05 - MAI - 26,NJUD_2103_20-05-2026.mp3,2103,20/05/2026,2026-05-20,2
05 - MAI - 26,NJUD_1878_21-05-2026.mp3,1878,21/05/2026,2026-05-21,3
05 - MAI - 26,NJUD_2104_21-05-2026.mp3,2104,21/05/2026,2026-05-21,3
05 - MAI - 26,NJUD_1879_22-05-2026.mp3,1879,22/05/2026,2026-05-22,4
05 - MAI - 26,NJUD_2105_22-05-2026.mp3,2105,22/05/2026,2026-05-22,4
05 - MAI - 26,NJUD_1880_25-05-2026.mp3,1880,25/05/2026,2026-05-25,0
05 - MAI - 26,NJUD_2201_25-05-2026.mp3,2201,25/05/2026,2026-05-25,0
05 - MAI - 26,NJUD_1881_26-05-2026.mp3,1881,26/05/2026,2026-05-26,1
05 - MAI - 26,NJUD_2202_26-05-2026.mp3,2202,26/05/2026,2026-05-26,1
05 - MAI - 26,NJUD_1882_27-05-2026.mp3,1882,27/05/2026,2026-05-27,2
05 - MAI - 26,NJUD_2203_27-05-2026.mp3,2203,27/05/2026,2026-05-27,2
05 - MAI - 26,NJUD_1883_28-05-2026.mp3,1883,28/05/2026,2026-05-28,3
05 - MAI - 26,NJUD_2204_28-05-2026.mp3,2204,28/05/2026,2026-05-28,3
05 - MAI - 26,NJUD_1884_29-05-2026.mp3,1884,29/05/2026,2026-05-29,4
05 - MAI - 26,NJUD_2205_29-05-2026.mp3,2205,29/05/2026,2026-05-29,4
06 - JUN - 26,NJUD_2301_01-06-2026.mp3,2301,01/06/2026,2026-06-01,0
06 - JUN - 26,NJUD_1888_02-06-2026.mp3,1888,02/06/2026,2026-06-02,1
06 - JUN - 26,NJUD_2302_02-06-2026.mp3,2302,02/06/2026,2026-06-02,1
06 - JUN - 26,NJUD_2303_03-06-2026.mp3,2303,03/06/2026,2026-06-03,2
06 - JUN - 26,NJUD_1894_08-06-2026.mp3,1894,08/06/2026,2026-06-08,0
06 - JUN - 26,NJUD_2401_08-06-2026.mp3,2401,08/06/2026,2026-06-08,0
06 - JUN - 26,NJUD_2402_09-06-2026.mp3,2402,09/06/2026,2026-06-09,1
06 - JUN - 26,NJUD_2403_10-06-2026.mp3,2403,10/06/2026,2026-06-10,2
06 - JUN - 26,NJUD_2404_11-06-2026.mp3,2404,11/06/2026,2026-06-11,3
06 - JUN - 26,NJUD_2405_12-06-2026.mp3,2405,12/06/2026,2026-06-12,4
06 - JUN - 26,NJUD_2501_15-06-2026.mp3,2501,15/06/2026,2026-06-15,0
06 - JUN - 26,NJUD_2502_16-06-2026.mp3,2502,16/06/2026,2026-06-16,1
06 - JUN - 26,NJUD_2503_17-06-2026.mp3,2503,17/06/2026,2026-06-17,2
06 - JUN - 26,NJUD_2504_18-06-2026.mp3,2504,18/06/2026,2026-06-18,3
06 - JUN - 26,NJUD_2605_26-06-2026.mp3,2605,26/06/2026,2026-06-26,4
07 - JUL - 26,NJUD_3007_26-07-2026.mp3,3007,26/07/2026,2026-07-26,6
08 - AGO - 26,NJUD_3503_26-08-2026.mp3,3503,26/08/2026,2026-08-26,2
08 - AGO - 26,NJUD_3906_27-08-2026.mp3,3906,27/08/2026,2026-08-27,3
08 - AGO - 26,NJUD_4401_27-08-2026.mp3,4401,27/08/2026,2026-08-27,3
08 - AGO - 26,NJUD_4804_27-08-2026.mp3,4804,27/08/2026,2026-08-27,3
08 - AGO - 26,NJUD_5206_27-08-2026.mp3,5206,27/08/2026,2026-08-27,3
