pasta,nome,njud,data,mes,ano,dia_util
01 - JAN - 26,NJUD_0203_07-01-2026.mp3,0203,2026-01-07,1,2026,sim
01 - JAN - 26,NJUD_0204_08-01-2026.mp3,0204,2026-01-08,1,2026,sim
01 - JAN - 26,NJUD_0205_09-01-2026.mp3,0205,2026-01-09,1,2026,sim
01 - JAN - 26,NJUD_0301_12-01-2026.mp3,0301,2026-01-12,1,2026,sim
01 - JAN - 26,NJUD_0303_14-01-2026.mp3,0303,2026-01-14,1,2026,sim
01 - JAN - 26,NJUD_0304_15-01-2026.mp3,0304,2026-01-15,1,2026,sim
01 - JAN - 26,NJUD_0305_16-01-2026.mp3,0305,2026-01-16,1,2026,sim
01 - JAN - 26,NJUD_0401_19-01-2026.mp3,0401,2026-01-19,1,2026,sim
01 - JAN - 26,NJUD_0402_20-01-2026.mp3,0402,2026-01-20,1,2026,sim
01 - JAN - 26,NJUD_0403_21-01-2026.mp3,0403,2026-01-21,1,2026,sim
01 - JAN - 26,NJUD_0404_22-01-2026.mp3,0404,2026-01-22,1,2026,sim
01 - JAN - 26,NJUD_0501_26-01-2026.mp3,0501,2026-01-26,1,2026,sim
01 - JAN - 26,NJUD_0502_27-01-2026.mp3,0502,2026-01-27,1,2026,sim
01 - JAN - 26,NJUD_0503_28-01-2026.mp3,0503,2026-01-28,1,2026,sim
01 - JAN - 26,NJUD_0504_29-01-2026.mp3,0504,2026-01-29,1,2026,sim
02 - FEV - 26,NJUD_0601_02-02-2026.mp3,0601,2026-02-02,2,2026,sim
02 - FEV - 26,NJUD_0602_03-02-2026.mp3,0602,2026-02-03,2,2026,sim
02 - FEV - 26,NJUD_0603_04-02-2026.mp3,0603,2026-02-04,2,2026,sim
02 - FEV - 26,NJUD_0604_05-02-2026.mp3,0604,2026-02-05,2,2026,sim
02 - FEV - 26,NJUD_0605_06-02-2026.mp3,0605,2026-02-06,2,2026,sim
02 - FEV - 26,NJUD_0701_09-02-2026.mp3,0701,2026-02-09,2,2026,sim
02 - FEV - 26,NJUD_0702_10-02-2026.mp3,0702,2026-02-10,2,2026,sim
02 - FEV - 26,NJUD_0703_11-02-2026.mp3,0703,2026-02-11,2,2026,sim
02 - FEV - 26,NJUD_0704_12-02-2026.mp3,0704,2026-02-12,2,2026,sim
02 - FEV - 26,NJUD_0705_13-02-2026.mp3,0705,2026-02-13,2,2026,sim
02 - FEV - 26,NJUD_0804_19-02-2026.mp3,0804,2026-02-19,2,2026,sim
02 - FEV - 26,NJUD_0805_20-02-2026.mp3,0805,2026-02-20,2,2026,sim
02 - FEV - 26,NJUD_0901_23-02-2026.mp3,0901,2026-02-23,2,2026,sim
02 - FEV - 26,NJUD_0902_24-02-2026.mp3,0902,2026-02-24,2,2026,sim
02 - FEV - 26,NJUD_0904_26-02-2026.mp3,0904,2026-02-26,2,2026,sim
02 - FEV - 26,NJUD_0905_27-02-2026.mp3,0905,2026-02-27,2,2026,sim
03 - MAR - 26,NJUD_1001_02-03-2026.mp3,1001,2026-03-02,3,2026,sim
03 - MAR - 26,NJUD_1002_03-03-2026.mp3,1002,2026-03-03,3,2026,sim
03 - MAR - 26,NJUD_1003_04-03-2026.mp3,1003,2026-03-04,3,2026,sim
03 - MAR - 26,NJUD_1004_05-03-2026.mp3,1004,2026-03-05,3,2026,sim
03 - MAR - 26,NJUD_1005_06-03-2026.mp3,1005,2026-03-06,3,2026,sim
03 - MAR - 26,NJUD_1101_09-03-2026.mp3,1101,2026-03-09,3,2026,sim
03 - MAR - 26,NJUD_1102_10-03-2026.mp3,1102,2026-03-10,3,2026,sim
03 - MAR - 26,NJUD_1103_11-03-2026.mp3,1103,2026-03-11,3,2026,sim
03 - MAR - 26,NJUD_1104_12-03-2026.mp3,1104,2026-03-12,3,2026,sim
03 - MAR - 26,NJUD_1105_13-03-2026.mp3,1105,2026-03-13,3,2026,sim
03 - MAR - 26,NJUD_1201_16-03-2026.mp3,1201,2026-03-16,3,2026,sim
03 - MAR - 26,NJUD_1202_17-03-2026.mp3,1202,2026-03-17,3,2026,sim
03 - MAR - 26,NJUD_1203_18-03-2026.mp3,1203,2026-03-18,3,2026,sim
03 - MAR - 26,NJUD_1204_19-03-2026.mp3,1204,2026-03-19,3,2026,sim
03 - MAR - 26,NJUD_1205_20-03-2026.mp3,1205,2026-03-20,3,2026,sim
03 - MAR - 26,NJUD_1301_23-03-2026.mp3,1301,2026-03-23,3,2026,sim
03 - MAR - 26,NJUD_1302_24-03-2026.mp3,1302,2026-03-24,3,2026,sim
03 - MAR - 26,NJUD_1304_26-03-2026.mp3,1304,2026-03-26,3,2026,sim
03 - MAR - 26,NJUD_1305_27-03-2026.mp3,1305,2026-03-27,3,2026,sim
03 - MAR - 26,NJUD_1401_30-03-2026.mp3,1401,2026-03-30,3,2026,sim
03 - MAR - 26,NJUD_1402_31-03-2026.mp3,1402,2026-03-31,3,2026,sim
04 - ABR - 26,NJUD_1501_06-04-2026.mp3,1501,2026-04-06,4,2026,sim
04 - ABR - 26,NJUD_1502_07-04-2026.mp3,1502,2026-04-07,4,2026,sim
04 - ABR - 26,NJUD_1503_08-04-2026.mp3,1503,2026-04-08,4,2026,sim
04 - ABR - 26,NJUD_1504_09-04-2026.mp3,1504,2026-04-09,4,2026,sim
04 - ABR - 26,NJUD_1505_10-04-2026.mp3,1505,2026-04-10,4,2026,sim
04 - ABR - 26,NJUD_1601_13-04-2026.mp3,1601,2026-04-13,4,2026,sim
04 - ABR - 26,NJUD_1602_14-04-2026.mp3,1602,2026-04-14,4,2026,sim
04 - ABR - 26,NJUD_1603_15-04-2026.mp3,1603,2026-04-15,4,2026,sim
04 - ABR - 26,NJUD_1927_15-04-2026.mp3,1927,2026-04-15,4,2026,sim
04 - ABR - 26,NJUD_1604_16-04-2026.mp3,1604,2026-04-16,4,2026,sim
04 - ABR - 26,NJUD_1605_17-04-2026.mp3,1605,2026-04-17,4,2026,sim
04 - ABR - 26,NJUD_1703_22-04-2026.mp3,1703,2026-04-22,4,2026,sim
04 - ABR - 26,NJUD_1704_23-04-2026.mp3,1704,2026-04-23,4,2026,sim
04 - ABR - 26,NJUD_1705_24-04-2026.mp3,1705,2026-04-24,4,2026,sim
04 - ABR - 26,NJUD_1707_26-04-2026.mp3,1707,2026-04-26,4,2026,nao
04 - ABR - 26,NJUD_1801_27-04-2026.mp3,1801,2026-04-27,4,2026,sim
04 - ABR - 26,NJUD_1802_28-04-2026.mp3,1802,2026-04-28,4,2026,sim
04 - ABR - 26,NJUD_1803_29-04-2026.mp3,1803,2026-04-29,4,2026,sim
04 - ABR - 26,NJUD_1804_30-04-2026.mp3,1804,2026-04-30,4,2026,sim
05 - MAI - 26,NJUD_1865_04-05-2026.mp3,1865,2026-05-04,5,2026,sim
05 - MAI - 26,NJUD_1901_04-05-2026.mp3,1901,2026-05-04,5,2026,sim
05 - MAI - 26,NJUD_1866_05-05-2026.mp3,1866,2026-05-05,5,2026,sim
05 - MAI - 26,NJUD_1902_05-05-2026.mp3,1902,2026-05-05,5,2026,sim
05 - MAI - 26,NJUD_1867_06-05-2026.mp3,1867,2026-05-06,5,2026,sim
05 - MAI - 26,NJUD_1903_06-05-2026.mp3,1903,2026-05-06,5,2026,sim
05 - MAI - 26,NJUD_1868_07-05-2026.mp3,1868,2026-05-07,5,2026,sim
05 - MAI - 26,NJUD_1904_07-05-2026.mp3,1904,2026-05-07,5,2026,sim
05 - MAI - 26,NJUD_1869_08-05-2026.mp3,1869,2026-05-08,5,2026,sim
05 - MAI - 26,NJUD_1877_08-05-2026.mp3,1877,2026-05-08,5,2026,sim
05 - MAI - 26,NJUD_1905_08-05-2026.mp3,1905,2026-05-08,5,2026,sim
05 - MAI - 26,NJUD_1870_11-05-2026.mp3,1870,2026-05-11,5,2026,sim
05 - MAI - 26,NJUD_2001_11-05-2026.mp3,2001,2026-05-11,5,2026,sim
05 - MAI - 26,NJUD_1871_12-05-2026.mp3,1871,2026-05-12,5,2026,sim
05 - MAI - 26,NJUD_2002_12-05-2026.mp3,2002,2026-05-12,5,2026,sim
05 - MAI - 26,NJUD_1872_13-05-2026.mp3,1872,2026-05-13,5,2026,sim
05 - MAI - 26,NJUD_2003_13-05-2026.mp3,2003,2026-05-13,5,2026,sim
05 - MAI - 26,NJUD_1873_14-05-2026.mp3,1873,2026-05-14,5,2026,sim
05 - MAI - 26,NJUD_2004_14-05-2026.mp3,2004,2026-05-14,5,2026,sim
05 - MAI - 26,NJUD_1874_15-05-2026.mp3,1874,2026-05-15,5,2026,sim
05 - MAI - 26,NJUD_2005_15-05-2026.mp3,2005,2026-05-15,5,2026,sim
05 - MAI - 26,NJUD_1875_18-05-2026.mp3,1875,2026-05-18,5,2026,sim
05 - MAI - 26,NJUD_2101_18-05-2026.mp3,2101,2026-05-18,5,2026,sim
05 - MAI - 26,NJUD_1876_19-05-2026.mp3,1876,2026-05-19,5,2026,sim
05 - MAI - 26,NJUD_2102_19-05-2026.mp3,2102,2026-05-19,5,2026,sim
05 - MAI - 26,NJUD_2103_20-05-2026.mp3,2103,2026-05-20,5,2026,sim
05 - MAI - 26,NJUD_1878_21-05-2026.mp3,1878,2026-05-21,5,2026,sim
05 - MAI - 26,NJUD_2104_21-05-2026.mp3,2104,2026-05-21,5,2026,sim
05 - MAI - 26,NJUD_1879_22-05-2026.mp3,1879,2026-05-22,5,2026,sim
05 - MAI - 26,NJUD_2105_22-05-2026.mp3,2105,2026-05-22,5,2026,sim
05 - MAI - 26,NJUD_1880_25-05-2026.mp3,1880,2026-05-25,5,2026,sim
05 - MAI - 26,NJUD_2201_25-05-2026.mp3,2201,2026-05-25,5,2026,sim
05 - MAI - 26,NJUD_1881_26-05-2026.mp3,1881,2026-05-26,5,2026,sim
05 - MAI - 26,NJUD_2202_26-05-2026.mp3,2202,2026-05-26,5,2026,sim
05 - MAI - 26,NJUD_1882_27-05-2026.mp3,1882,2026-05-27,5,2026,sim
05 - MAI - 26,NJUD_2203_27-05-2026.mp3,2203,2026-05-27,5,2026,sim
05 - MAI - 26,NJUD_1883_28-05-2026.mp3,1883,2026-05-28,5,2026,sim
05 - MAI - 26,NJUD_2204_28-05-2026.mp3,2204,2026-05-28,5,2026,sim
05 - MAI - 26,NJUD_1884_29-05-2026.mp3,1884,2026-05-29,5,2026,sim
05 - MAI - 26,NJUD_2205_29-05-2026.mp3,2205,2026-05-29,5,2026,sim
06 - JUN - 26,NJUD_2301_01-06-2026.mp3,2301,2026-06-01,6,2026,sim
06 - JUN - 26,NJUD_1888_02-06-2026.mp3,1888,2026-06-02,6,2026,sim
06 - JUN - 26,NJUD_2302_02-06-2026.mp3,2302,2026-06-02,6,2026,sim
06 - JUN - 26,NJUD_2303_03-06-2026.mp3,2303,2026-06-03,6,2026,sim
06 - JUN - 26,NJUD_1894_08-06-2026.mp3,1894,2026-06-08,6,2026,sim
06 - JUN - 26,NJUD_2401_08-06-2026.mp3,2401,2026-06-08,6,2026,sim
06 - JUN - 26,NJUD_2402_09-06-2026.mp3,2402,2026-06-09,6,2026,sim
06 - JUN - 26,NJUD_2403_10-06-2026.mp3,2403,2026-06-10,6,2026,sim
06 - JUN - 26,NJUD_2404_11-06-2026.mp3,2404,2026-06-11,6,2026,sim
06 - JUN - 26,NJUD_2405_12-06-2026.mp3,2405,2026-06-12,6,2026,sim
06 - JUN - 26,NJUD_2501_15-06-2026.mp3,2501,2026-06-15,6,2026,sim
06 - JUN - 26,NJUD_2502_16-06-2026.mp3,2502,2026-06-16,6,2026,sim
06 - JUN - 26,NJUD_2503_17-06-2026.mp3,2503,2026-06-17,6,2026,sim
06 - JUN - 26,NJUD_2504_18-06-2026.mp3,2504,2026-06-18,6,2026,sim
06 - JUN - 26,NJUD_2605_26-06-2026.mp3,2605,2026-06-26,6,2026,sim
07 - JUL - 26,NJUD_3007_26-07-2026.mp3,3007,2026-07-26,7,2026,nao
08 - AGO - 26,NJUD_3503_26-08-2026.mp3,3503,2026-08-26,8,2026,sim
08 - AGO - 26,NJUD_3906_27-08-2026.mp3,3906,2026-08-27,8,2026,sim
08 - AGO - 26,NJUD_4401_27-08-2026.mp3,4401,2026-08-27,8,2026,sim
08 - AGO - 26,NJUD_4804_27-08-2026.mp3,4804,2026-08-27,8,2026,sim
08 - AGO - 26,NJUD_5206_27-08-2026.mp3,5206,2026-08-27,8,2026,sim
09 - SET - 26,NJUD_3906_26-09-2026.mp3,3906,2026-09-26,9,2026,nao
10 - OUT - 26,NJUD_4401_26-10-2026.mp3,4401,2026-10-26,10,2026,sim
11 - NOV - 26,NJUD_4804_26-11-2026.mp3,4804,2026-11-26,11,2026,sim
12 - DEZ - 26,NJUD_5206_26-12-2026.mp3,5206,2026-12-26,12,2026,nao
