arquivo_original,data,num_atual,num_projetado,motivo
NJUD_1792_08-01-2026.mp3,08-01-2026,1792,1785,renomeado
NJUD_1793_07-01-2026.mp3,07-01-2026,1793,1784,renomeado
NJUD_1793_09-01-2026.mp3,09-01-2026,1793,1786,renomeado
NJUD_1794_12-01-2026.mp3,12-01-2026,1794,1787,renomeado
NJUD_1795_13-01-2026.mp3,13-01-2026,1795,1788,renomeado
NJUD_1796_14-01-2026.mp3,14-01-2026,1796,1789,renomeado
NJUD_1797_15-01-2026.mp3,15-01-2026,1797,1790,renomeado
NJUD_1798_16-01-2026.mp3,16-01-2026,1798,1791,renomeado
NJUD_1799_19-01-2026.mp3,19-01-2026,1799,1792,renomeado
NJUD_1800_20-01-2026.mp3,20-01-2026,1800,1793,renomeado
NJUD_1801_21-01-2026.mp3,21-01-2026,1801,1794,renomeado
NJUD_1802_22-01-2026.mp3,22-01-2026,1802,1795,renomeado
NJUD_1803_23-01-2026.mp3,23-01-2026,1803,1796,renomeado
NJUD_1804_26-01-2026.mp3,26-01-2026,1804,1797,renomeado
NJUD_1805_27-01-2026.mp3,27-01-2026,1805,1798,renomeado
NJUD_1807_28-01-2026.mp3,28-01-2026,1807,1799,renomeado
NJUD_1808_30-01-2026.mp3,30-01-2026,1808,1801,renomeado
NJUD_1809_02-02-2026.mp3,02-02-2026,1809,1802,renomeado
NJUD_1810_03-02-2026.mp3,03-02-2026,1810,1803,renomeado
NJUD_1811_04-02-2026.mp3,04-02-2026,1811,1804,renomeado
NJUD_1812_05-02-2026.mp3,05-02-2026,1812,1805,renomeado
NJUD_1814_09-02-2026.mp3,09-02-2026,1814,1807,renomeado
NJUD_1815_10-02-2026.mp3,10-02-2026,1815,1808,renomeado
NJUD_1816_11-02-2026.mp3,11-02-2026,1816,1809,renomeado
NJUD_1817_12-02-2026.mp3,12-02-2026,1817,1810,renomeado
NJUD_1818_13-02-2026.mp3,13-02-2026,1818,1811,renomeado
NJUD_1819_19-02-2026.mp3,19-02-2026,1819,1813,renomeado
NJUD_1820_20-02-2026.mp3,20-02-2026,1820,1814,renomeado
NJUD_1821_23-02-2026.mp3,23-02-2026,1821,1815,renomeado
NJUD_1822_24-02-2026.mp3,24-02-2026,1822,1816,renomeado
NJUD_1823_25-02-2026.mp3,25-02-2026,1823,1817,renomeado
NJUD_1824_26-02-2026.mp3,26-02-2026,1824,1818,renomeado
NJUD_1825_18-02-2026.mp3,18-02-2026,1825,1812,renomeado
NJUD_1825_27-02-2026.mp3,27-02-2026,1825,1819,renomeado
NJUD_1827_13-03-2026.mp3,13-03-2026,1827,1829,renomeado
NJUD_1828_02-03-2026.mp3,02-03-2026,1828,1820,renomeado
NJUD_1829_29-01-2026.mp3,29-01-2026,1829,1800,renomeado
NJUD_1831_03-03-2026.mp3,03-03-2026,1831,1821,renomeado
NJUD_1832_17-03-2026.mp3,17-03-2026,1832,1831,renomeado
NJUD_1833_04-03-2026.mp3,04-03-2026,1833,1822,renomeado
NJUD_1834_18-03-2026.mp3,18-03-2026,1834,1832,renomeado
NJUD_1835_05-03-2026.mp3,05-03-2026,1835,1823,renomeado
NJUD_1837_19-03-2026.mp3,19-03-2026,1837,1833,renomeado
NJUD_1838_06-03-2026.mp3,06-03-2026,1838,1824,renomeado
NJUD_1839_20-03-2026.mp3,20-03-2026,1839,1834,renomeado
NJUD_1840_09-03-2026.mp3,09-03-2026,1840,1825,renomeado
NJUD_1842_23-03-2026.mp3,23-03-2026,1842,1835,renomeado
NJUD_1843_10-03-2026.mp3,10-03-2026,1843,1826,renomeado
NJUD_1844_24-03-2026.mp3,24-03-2026,1844,1836,renomeado
NJUD_1845_11-03-2026.mp3,11-03-2026,1845,1827,renomeado
NJUD_1847_25-03-2026.mp3,25-03-2026,1847,1837,renomeado
NJUD_1848_12-03-2026.mp3,12-03-2026,1848,1828,renomeado
NJUD_1886_06-02-2026.mp3,06-02-2026,1886,1806,renomeado
NJUD_1890_02-06-2026.mp3,02-06-2026,1890,1883,renomeado
NJUD_1891_03-06-2026.mp3,03-06-2026,1891,1884,renomeado
NJUD_1893_08-06-2026.mp3,08-06-2026,1893,1886,renomeado
NJUD_1897_10-06-2026.mp3,10-06-2026,1897,1888,renomeado
NJUD_1898_09-06-2026.mp3,09-06-2026,1898,1887,renomeado
NJUD_1902_16-04-2026.mp3,16-04-2026,1902,1852,renomeado
NJUD_1904_20-04-2026.mp3,20-04-2026,1904,1854,renomeado
NJUD_1905_17-04-2026.mp3,17-04-2026,1905,1853,renomeado
NJUD_1906_30-04-2026.mp3,30-04-2026,1906,1861,renomeado
NJUD_1907_22-04-2026.mp3,22-04-2026,1907,1855,renomeado
NJUD_1910_23-04-2026.mp3,23-04-2026,1910,1856,renomeado
NJUD_1911_24-04-2026.mp3,24-04-2026,1911,1857,renomeado
NJUD_1914_04-05-2026.mp3,04-05-2026,1914,1862,renomeado
NJUD_1916_05-05-2026.mp3,05-05-2026,1916,1863,renomeado
NJUD_1917_27-04-2026.mp3,27-04-2026,1917,1858,renomeado
NJUD_1919_06-05-2026.mp3,06-05-2026,1919,1864,renomeado
NJUD_1920_28-04-2026.mp3,28-04-2026,1920,1859,renomeado
NJUD_1921_07-05-2026.mp3,07-05-2026,1921,1865,renomeado
NJUD_1922_27-07-2026.mp3,27-07-2026,1922,1921,renomeado
NJUD_1922_29-04-2026.mp3,29-04-2026,1922,1860,renomeado
NJUD_1926_15-04-2026.mp3,15-04-2026,1926,1851,renomeado
NJUD_1928_16-04-2026.mp3,16-04-2026,1928,1852,renomeado
NJUD_1707_27-04-2026.mp3,27-04-2026,1707,1858,renomeado
NJUD_1801_28-04-2026.mp3,28-04-2026,1801,1859,renomeado
NJUD_1877_05-06-2026.mp3,05-06-2026,1877,1885,renomeado
NJUD_1877_20-05-2026.mp3,20-05-2026,1877,1874,renomeado
NJUD_1892_12-06-2026.mp3,12-06-2026,1892,1890,renomeado
NJUD_1893_15-06-2026.mp3,15-06-2026,1893,1891,renomeado
NJUD_1894_16-06-2026.mp3,16-06-2026,1894,1892,renomeado
NJUD_1895_17-06-2026.mp3,17-06-2026,1895,1893,renomeado
NJUD_1896_18-06-2026.mp3,18-06-2026,1896,1894,renomeado
NJUD_1897_19-06-2026.mp3,19-06-2026,1897,1895,renomeado
NJUD_1898_22-06-2026.mp3,22-06-2026,1898,1896,renomeado
NJUD_1899_23-06-2026.mp3,23-06-2026,1899,1897,renomeado
NJUD_1900_24-06-2026.mp3,24-06-2026,1900,1898,renomeado
NJUD_1901_01-06-2026.mp3,01-06-2026,1901,1882,renomeado
NJUD_1901_25-06-2026.mp3,25-06-2026,1901,1899,renomeado
NJUD_1903_03-06-2026.mp3,03-06-2026,1903,1884,renomeado
NJUD_1905_02-07-2026.mp3,02-07-2026,1905,1904,renomeado
NJUD_1906_03-07-2026.mp3,03-07-2026,1906,1905,renomeado
NJUD_1907_06-07-2026.mp3,06-07-2026,1907,1906,renomeado
NJUD_1908_07-07-2026.mp3,07-07-2026,1908,1907,renomeado
NJUD_1909_08-07-2026.mp3,08-07-2026,1909,1908,renomeado
NJUD_1910_09-07-2026.mp3,09-07-2026,1910,1909,renomeado
NJUD_1911_10-07-2026.mp3,10-07-2026,1911,1910,renomeado
NJUD_1912_13-07-2026.mp3,13-07-2026,1912,1911,renomeado
NJUD_1913_14-07-2026.mp3,14-07-2026,1913,1912,renomeado
NJUD_1914_15-07-2026.mp3,15-07-2026,1914,1913,renomeado
NJUD_1915_16-07-2026.mp3,16-07-2026,1915,1914,renomeado
NJUD_1916_17-07-2026.mp3,17-07-2026,1916,1915,renomeado
NJUD_1917_20-07-2026.mp3,20-07-2026,1917,1916,renomeado
NJUD_1918_21-07-2026.mp3,21-07-2026,1918,1917,renomeado
NJUD_1919_22-07-2026.mp3,22-07-2026,1919,1918,renomeado
NJUD_1920_23-07-2026.mp3,23-07-2026,1920,1919,renomeado
NJUD_1921_24-07-2026.mp3,24-07-2026,1921,1920,renomeado
NJUD_1922_27-07-2026.mp3,27-07-2026,1922,1921,renomeado
NJUD_1927_16-04-2026.mp3,16-04-2026,1927,1852,renomeado
NJUD_2001_09-06-2026.mp3,09-06-2026,2001,1887,renomeado
NJUD_2002_10-06-2026.mp3,10-06-2026,2002,1888,renomeado
NJUD_2003_11-06-2026.mp3,11-06-2026,2003,1889,renomeado
NJUD_2204_01-07-2026.mp3,01-07-2026,2204,1903,renomeado
NJUD_1794_01-01-2026.mp3,01-01-2026,1794,,sem entrada no CSV
NJUD_1797_02-01-2026.mp3,02-01-2026,1797,,sem entrada no CSV
NJUD_1804_05-01-2026.mp3,05-01-2026,1804,,sem entrada no CSV
NJUD_1812_06-01-2026.mp3,06-01-2026,1812,,sem entrada no CSV
NJUD_1820_16-02-2026.mp3,16-02-2026,1820,,sem entrada no CSV
NJUD_1823_17-02-2026.mp3,17-02-2026,1823,,sem entrada no CSV
NJUD_1889_04-06-2026.mp3,04-06-2026,1889,,sem entrada no CSV
NJUD_1901_26-07-2026.mp3,26-07-2026,1901,,sem entrada no CSV
NJUD_1909_01-05-2026.mp3,01-05-2026,1909,,sem entrada no CSV
NJUD_1915_26-04-2026.mp3,26-04-2026,1915,,sem entrada no CSV
NJUD_1904_04-06-2026.mp3,04-06-2026,1904,,sem entrada no CSV
NJUD_1811_02-02-2026.mp3,02-02-2026,1811,1802,destino já existe
NJUD_1819_05-02-2026.mp3,05-02-2026,1819,1805,destino já existe
NJUD_1892_03-06-2026.mp3,03-06-2026,1892,1884,destino já existe
NJUD_1895_08-06-2026.mp3,08-06-2026,1895,1886,destino já existe
NJUD_1899_10-06-2026.mp3,10-06-2026,1899,1888,destino já existe
NJUD_1912_24-04-2026.mp3,24-04-2026,1912,1857,destino já existe
NJUD_1924_26-08-2026.mp3,26-08-2026,1924,1943,destino já existe
NJUD_1925_26-08-2026.mp3,26-08-2026,1925,1943,destino já existe
NJUD_1927_15-04-2026.mp3,15-04-2026,1927,1851,destino já existe
NJUD_1929_16-04-2026.mp3,16-04-2026,1929,1852,destino já existe
